xacro: in-order processing became default in ROS Melodic. You can drop the option.
[31m[ERROR] [1787136659.449139897, 0.426000000]: GetModelState: model [a1_gazebo] does not exist[0m
[31m[ERROR] [1787136660.542159925, 1.516000000]: GetModelState: model [a1_gazebo] does not exist[0m
[31m[ERROR] [1787136661.634428970, 2.608000000]: GetModelState: model [a1_gazebo] does not exist[0m
[31m[ERROR] [1787136662.730514656, 3.704000000]: GetModelState: model [a1_gazebo] does not exist[0m
[INFO] [1787136663.529415, 0.000000]: Loading model XML from ros parameter robot_description
[INFO] [1787136663.541807, 4.506000]: Waiting for service /gazebo/spawn_urdf_model
[INFO] [1787136663.544231, 4.516000]: Calling service /gazebo/spawn_urdf_model
[INFO] [1787136663.959681, 4.710000]: Spawn status: SpawnModel: Successfully spawned entity
[INFO] [1787136663.960505, 4.710000]: Waiting for service /gazebo/set_model_configuration
[INFO] [1787136663.962215, 4.710000]: temporary hack to **fix** the -J joint position option (issue #93), sleeping for 1 second to avoid race condition.
[INFO] [1787136664.963310, 4.764000]: Calling service /gazebo/set_model_configuration
[INFO] [1787136664.965540, 4.766000]: Set model configuration status: SetModelConfiguration: success
[0m[INFO] [1787136657.635825858]: Finished loading Gazebo ROS API Plugin.[0m
[0m[INFO] [1787136657.636424580]: waitForService: Service [/gazebo_gui/set_physics_properties] has not been advertised, waiting...[0m
Node::Advertise(): Error advertising topic [/a1_gazebo/joint_cmd]. Did you forget to start the discovery service?
Node::Advertise(): Error advertising topic [/a1_gazebo/joint_cmd]. Did you forget to start the discovery service?
[0m[INFO] [1787136657.591036114]: Finished loading Gazebo ROS API Plugin.[0m
[0m[INFO] [1787136657.592412478]: waitForService: Service [/gazebo/set_physics_properties] has not been advertised, waiting...[0m
[0m[INFO] [1787136659.009968106]: waitForService: Service [/gazebo/set_physics_properties] is now available.[0m
[0m[INFO] [1787136659.059202529, 0.044000000]: Physics dynamic reconfigure ready.[0m
[0m[INFO] [1787136663.846296901, 4.710000000]: <initialOrientationAsReference> is unset, using default value of false to comply with REP 145 (world as orientation reference)[0m
[0m[INFO] [1787136663.846332195, 4.710000000]: <robotNamespace> set to: //[0m
[0m[INFO] [1787136663.846338972, 4.710000000]: <topicName> set to: trunk_imu[0m
[0m[INFO] [1787136663.846344415, 4.710000000]: <frameName> set to: imu_link[0m
[0m[INFO] [1787136663.846364783, 4.710000000]: <updateRateHZ> set to: 1000[0m
[0m[INFO] [1787136663.846372209, 4.710000000]: <gaussianNoise> set to: 0[0m
[0m[INFO] [1787136663.846388713, 4.710000000]: <xyzOffset> set to: 0 0 0[0m
[0m[INFO] [1787136663.846402855, 4.710000000]: <rpyOffset> set to: 0 -0 0[0m
[0m[INFO] [1787136663.946918500, 4.710000000]: Laser Plugin: The 'robotNamespace' param was empty[0m
[0m[INFO] [1787136663.946940431, 4.710000000]: Starting Laser Plugin (ns = a1_gazebo)[0m
[0m[INFO] [1787136663.947512577, 4.710000000]: Laser Plugin (ns = a1_gazebo)  <tf_prefix_>, set to ""[0m
[0m[INFO] [1787136663.948093087, 4.710000000]: <initialOrientationAsReference> is unset, using default value of false to comply with REP 145 (world as orientation reference)[0m
[0m[INFO] [1787136663.948107943, 4.710000000]: <robotNamespace> set to: //[0m
[0m[INFO] [1787136663.948113555, 4.710000000]: <topicName> set to: /livox/imu[0m
[0m[INFO] [1787136663.948119304, 4.710000000]: <frameName> set to: livox_imu_link[0m
[0m[INFO] [1787136663.948131229, 4.710000000]: <updateRateHZ> set to: 1000[0m
[0m[INFO] [1787136663.948137908, 4.710000000]: <gaussianNoise> set to: 0[0m
[0m[INFO] [1787136663.948149230, 4.710000000]: <xyzOffset> set to: 0 0 0[0m
[0m[INFO] [1787136663.948158007, 4.710000000]: <rpyOffset> set to: 0 -0 0[0m
[0m[INFO] [1787136664.061229223, 4.710000000]: Camera Plugin: Using the 'robotNamespace' param: '/'[0m
[0m[INFO] [1787136664.063005470, 4.710000000]: Camera Plugin (ns = /)  <tf_prefix_>, set to ""[0m
[0m[INFO] [1787136664.785700274, 4.710000000]: Loading gazebo_ros_control plugin[0m
[0m[INFO] [1787136664.785755554, 4.710000000]: Starting gazebo_ros_control plugin in namespace: /a1_gazebo[0m
[0m[INFO] [1787136664.786202174, 4.710000000]: gazebo_ros_control plugin is waiting for model URDF in parameter [/robot_description] on the ROS param server.[0m
[0m[INFO] [1787136664.898560643, 4.710000000]: Loaded gazebo_ros_control.[0m
[0m[INFO] [1787137157.574670167, 495.642000000]: Updating LinkState: reference_frame is empty/world/map, using inertial frame[0m
[0m[INFO] [1787137157.576274269, 495.642000000]: Updating LinkState: reference_frame is empty/world/map, using inertial frame[0m
[0m[INFO] [1787137248.852895142, 569.026000000]: Updating LinkState: reference_frame is empty/world/map, using inertial frame[0m
[0m[INFO] [1787137248.853784483, 569.026000000]: Updating LinkState: reference_frame is empty/world/map, using inertial frame[0m
[0m[INFO] [1787137248.953544286, 569.126000000]: Updating LinkState: reference_frame is empty/world/map, using inertial frame[0m
[0m[INFO] [1787137248.957424392, 569.128000000]: Updating LinkState: reference_frame is empty/world/map, using inertial frame[0m
[0m[INFO] [1787137249.055041197, 569.224000000]: Updating LinkState: reference_frame is empty/world/map, using inertial frame[0m
[0m[INFO] [1787137249.057479324, 569.226000000]: Updating LinkState: reference_frame is empty/world/map, using inertial frame[0m
[0m[INFO] [1787137249.154544010, 569.320000000]: Updating LinkState: reference_frame is empty/world/map, using inertial frame[0m
[0m[INFO] [1787137249.155637711, 569.322000000]: Updating LinkState: reference_frame is empty/world/map, using inertial frame[0m
[0m[INFO] [1787137249.252728279, 569.418000000]: Updating LinkState: reference_frame is empty/world/map, using inertial frame[0m
[0m[INFO] [1787137249.254031894, 569.420000000]: Updating LinkState: reference_frame is empty/world/map, using inertial frame[0m
[0m[INFO] [1787137249.352786242, 569.518000000]: Updating LinkState: reference_frame is empty/world/map, using inertial frame[0m
[0m[INFO] [1787137249.353875295, 569.520000000]: Updating LinkState: reference_frame is empty/world/map, using inertial frame[0m
[0m[INFO] [1787137249.454576596, 569.620000000]: Updating LinkState: reference_frame is empty/world/map, using inertial frame[0m
[0m[INFO] [1787137249.457088813, 569.622000000]: Updating LinkState: reference_frame is empty/world/map, using inertial frame[0m
[0m[INFO] [1787137249.558606453, 569.718000000]: Updating LinkState: reference_frame is empty/world/map, using inertial frame[0m
[0m[INFO] [1787137249.560911362, 569.720000000]: Updating LinkState: reference_frame is empty/world/map, using inertial frame[0m
[0m[INFO] [1787137249.654251833, 569.812000000]: Updating LinkState: reference_frame is empty/world/map, using inertial frame[0m
[0m[INFO] [1787137249.655823956, 569.814000000]: Updating LinkState: reference_frame is empty/world/map, using inertial frame[0m
[0m[INFO] [1787137249.751036942, 569.910000000]: Updating LinkState: reference_frame is empty/world/map, using inertial frame[0m
[0m[INFO] [1787137249.752065278, 569.912000000]: Updating LinkState: reference_frame is empty/world/map, using inertial frame[0m
[0m[INFO] [1787137249.852948130, 570.012000000]: Updating LinkState: reference_frame is empty/world/map, using inertial frame[0m
[0m[INFO] [1787137249.854352778, 570.014000000]: Updating LinkState: reference_frame is empty/world/map, using inertial frame[0m
[0m[INFO] [1787137249.954117567, 570.114000000]: Updating LinkState: reference_frame is empty/world/map, using inertial frame[0m
[0m[INFO] [1787137249.956327102, 570.116000000]: Updating LinkState: reference_frame is empty/world/map, using inertial frame[0m
[0m[INFO] [1787137250.056179661, 570.214000000]: Updating LinkState: reference_frame is empty/world/map, using inertial frame[0m
[0m[INFO] [1787137250.059069565, 570.218000000]: Updating LinkState: reference_frame is empty/world/map, using inertial frame[0m
[0m[INFO] [1787137250.152379663, 570.310000000]: Updating LinkState: reference_frame is empty/world/map, using inertial frame[0m
[0m[INFO] [1787137250.153525918, 570.312000000]: Updating LinkState: reference_frame is empty/world/map, using inertial frame[0m
[0m[INFO] [1787137250.252064323, 570.410000000]: Updating LinkState: reference_frame is empty/world/map, using inertial frame[0m
[0m[INFO] [1787137250.253029070, 570.412000000]: Updating LinkState: reference_frame is empty/world/map, using inertial frame[0m
[0m[INFO] [1787137250.354201211, 570.512000000]: Updating LinkState: reference_frame is empty/world/map, using inertial frame[0m
[0m[INFO] [1787137250.355306104, 570.514000000]: Updating LinkState: reference_frame is empty/world/map, using inertial frame[0m
[0m[INFO] [1787137250.453593795, 570.612000000]: Updating LinkState: reference_frame is empty/world/map, using inertial frame[0m
[0m[INFO] [1787137250.456273734, 570.614000000]: Updating LinkState: reference_frame is empty/world/map, using inertial frame[0m
[0m[INFO] [1787137250.556373786, 570.712000000]: Updating LinkState: reference_frame is empty/world/map, using inertial frame[0m
[0m[INFO] [1787137250.558101077, 570.714000000]: Updating LinkState: reference_frame is empty/world/map, using inertial frame[0m
[0m[INFO] [1787137250.653051971, 570.808000000]: Updating LinkState: reference_frame is empty/world/map, using inertial frame[0m
[0m[INFO] [1787137250.654344613, 570.810000000]: Updating LinkState: reference_frame is empty/world/map, using inertial frame[0m
[0m[INFO] [1787137250.752862574, 570.908000000]: Updating LinkState: reference_frame is empty/world/map, using inertial frame[0m
[0m[INFO] [1787137250.754190666, 570.910000000]: Updating LinkState: reference_frame is empty/world/map, using inertial frame[0m
[0m[INFO] [1787137250.852745452, 571.008000000]: Updating LinkState: reference_frame is empty/world/map, using inertial frame[0m
[0m[INFO] [1787137250.853877785, 571.010000000]: Updating LinkState: reference_frame is empty/world/map, using inertial frame[0m
[0m[INFO] [1787137250.954501816, 571.110000000]: Updating LinkState: reference_frame is empty/world/map, using inertial frame[0m
[0m[INFO] [1787137250.956249212, 571.112000000]: Updating LinkState: reference_frame is empty/world/map, using inertial frame[0m
[0m[INFO] [1787137251.055186999, 571.210000000]: Updating LinkState: reference_frame is empty/world/map, using inertial frame[0m
[0m[INFO] [1787137251.057400916, 571.212000000]: Updating LinkState: reference_frame is empty/world/map, using inertial frame[0m
[0m[INFO] [1787137251.155554417, 571.308000000]: Updating LinkState: reference_frame is empty/world/map, using inertial frame[0m
[0m[INFO] [1787137251.157112626, 571.310000000]: Updating LinkState: reference_frame is empty/world/map, using inertial frame[0m
[0m[INFO] [1787137251.253882159, 571.406000000]: Updating LinkState: reference_frame is empty/world/map, using inertial frame[0m
[0m[INFO] [1787137251.254976925, 571.408000000]: Updating LinkState: reference_frame is empty/world/map, using inertial frame[0m
[0m[INFO] [1787137251.353923684, 571.506000000]: Updating LinkState: reference_frame is empty/world/map, using inertial frame[0m
[0m[INFO] [1787137251.355066814, 571.508000000]: Updating LinkState: reference_frame is empty/world/map, using inertial frame[0m
[0m[INFO] [1787137251.456024047, 571.608000000]: Updating LinkState: reference_frame is empty/world/map, using inertial frame[0m
[0m[INFO] [1787137251.458375622, 571.612000000]: Updating LinkState: reference_frame is empty/world/map, using inertial frame[0m
[0m[INFO] [1787137251.555579732, 571.708000000]: Updating LinkState: reference_frame is empty/world/map, using inertial frame[0m
[0m[INFO] [1787137251.557456762, 571.710000000]: Updating LinkState: reference_frame is empty/world/map, using inertial frame[0m
[0m[INFO] [1787137251.654401964, 571.806000000]: Updating LinkState: reference_frame is empty/world/map, using inertial frame[0m
[0m[INFO] [1787137251.655566711, 571.806000000]: Updating LinkState: reference_frame is empty/world/map, using inertial frame[0m
[0m[INFO] [1787137251.751624990, 571.902000000]: Updating LinkState: reference_frame is empty/world/map, using inertial frame[0m
[0m[INFO] [1787137251.752878821, 571.904000000]: Updating LinkState: reference_frame is empty/world/map, using inertial frame[0m
[0m[INFO] [1787137251.853636212, 572.004000000]: Updating LinkState: reference_frame is empty/world/map, using inertial frame[0m
[0m[INFO] [1787137251.854779736, 572.006000000]: Updating LinkState: reference_frame is empty/world/map, using inertial frame[0m
[0m[INFO] [1787137251.955049166, 572.106000000]: Updating LinkState: reference_frame is empty/world/map, using inertial frame[0m
[0m[INFO] [1787137251.956891505, 572.108000000]: Updating LinkState: reference_frame is empty/world/map, using inertial frame[0m
[0m[INFO] [1787137252.056251347, 572.206000000]: Updating LinkState: reference_frame is empty/world/map, using inertial frame[0m
[0m[INFO] [1787137252.058946285, 572.208000000]: Updating LinkState: reference_frame is empty/world/map, using inertial frame[0m
[0m[INFO] [1787137252.153235716, 572.302000000]: Updating LinkState: reference_frame is empty/world/map, using inertial frame[0m
[0m[INFO] [1787137252.154381699, 572.304000000]: Updating LinkState: reference_frame is empty/world/map, using inertial frame[0m
[0m[INFO] [1787137252.253044214, 572.402000000]: Updating LinkState: reference_frame is empty/world/map, using inertial frame[0m
[0m[INFO] [1787137252.254165167, 572.404000000]: Updating LinkState: reference_frame is empty/world/map, using inertial frame[0m
[0m[INFO] [1787137252.352767984, 572.502000000]: Updating LinkState: reference_frame is empty/world/map, using inertial frame[0m
[0m[INFO] [1787137252.354062928, 572.504000000]: Updating LinkState: reference_frame is empty/world/map, using inertial frame[0m
[0m[INFO] [1787137252.455531696, 572.604000000]: Updating LinkState: reference_frame is empty/world/map, using inertial frame[0m
[0m[INFO] [1787137252.458856890, 572.608000000]: Updating LinkState: reference_frame is empty/world/map, using inertial frame[0m
[0m[INFO] [1787137252.556499210, 572.704000000]: Updating LinkState: reference_frame is empty/world/map, using inertial frame[0m
[0m[INFO] [1787137252.559333832, 572.708000000]: Updating LinkState: reference_frame is empty/world/map, using inertial frame[0m
[0m[INFO] [1787137252.654577288, 572.802000000]: Updating LinkState: reference_frame is empty/world/map, using inertial frame[0m
[0m[INFO] [1787137252.656783635, 572.804000000]: Updating LinkState: reference_frame is empty/world/map, using inertial frame[0m
[0m[INFO] [1787137252.752695990, 572.900000000]: Updating LinkState: reference_frame is empty/world/map, using inertial frame[0m
[0m[INFO] [1787137252.753753837, 572.902000000]: Updating LinkState: reference_frame is empty/world/map, using inertial frame[0m
[0m[INFO] [1787137252.852806240, 573.000000000]: Updating LinkState: reference_frame is empty/world/map, using inertial frame[0m
[0m[INFO] [1787137252.853867228, 573.002000000]: Updating LinkState: reference_frame is empty/world/map, using inertial frame[0m
[0m[INFO] [1787137252.954415877, 573.102000000]: Updating LinkState: reference_frame is empty/world/map, using inertial frame[0m
[0m[INFO] [1787137252.956415191, 573.104000000]: Updating LinkState: reference_frame is empty/world/map, using inertial frame[0m
[0m[INFO] [1787137253.054384709, 573.202000000]: Updating LinkState: reference_frame is empty/world/map, using inertial frame[0m
[0m[INFO] [1787137253.056573171, 573.204000000]: Updating LinkState: reference_frame is empty/world/map, using inertial frame[0m
[0m[INFO] [1787137253.153456012, 573.302000000]: Updating LinkState: reference_frame is empty/world/map, using inertial frame[0m
[0m[INFO] [1787137253.155129137, 573.302000000]: Updating LinkState: reference_frame is empty/world/map, using inertial frame[0m
[0m[INFO] [1787137253.253035615, 573.400000000]: Updating LinkState: reference_frame is empty/world/map, using inertial frame[0m
[0m[INFO] [1787137253.254065128, 573.402000000]: Updating LinkState: reference_frame is empty/world/map, using inertial frame[0m
[0m[INFO] [1787137253.352821115, 573.500000000]: Updating LinkState: reference_frame is empty/world/map, using inertial frame[0m
[0m[INFO] [1787137253.353937226, 573.502000000]: Updating LinkState: reference_frame is empty/world/map, using inertial frame[0m
[0m[INFO] [1787137253.455198072, 573.602000000]: Updating LinkState: reference_frame is empty/world/map, using inertial frame[0m
[0m[INFO] [1787137253.457597859, 573.606000000]: Updating LinkState: reference_frame is empty/world/map, using inertial frame[0m
[0m[INFO] [1787137253.555521395, 573.700000000]: Updating LinkState: reference_frame is empty/world/map, using inertial frame[0m
[0m[INFO] [1787137253.556678974, 573.702000000]: Updating LinkState: reference_frame is empty/world/map, using inertial frame[0m
[0m[INFO] [1787137253.656637976, 573.800000000]: Updating LinkState: reference_frame is empty/world/map, using inertial frame[0m
[0m[INFO] [1787137253.660646226, 573.804000000]: Updating LinkState: reference_frame is empty/world/map, using inertial frame[0m
[0m[INFO] [1787137253.752162138, 573.896000000]: Updating LinkState: reference_frame is empty/world/map, using inertial frame[0m
[0m[INFO] [1787137253.753339301, 573.898000000]: Updating LinkState: reference_frame is empty/world/map, using inertial frame[0m
[0m[INFO] [1787137253.852238015, 573.996000000]: Updating LinkState: reference_frame is empty/world/map, using inertial frame[0m
[0m[INFO] [1787137253.853304864, 573.998000000]: Updating LinkState: reference_frame is empty/world/map, using inertial frame[0m
[0m[INFO] [1787137253.954132198, 574.098000000]: Updating LinkState: reference_frame is empty/world/map, using inertial frame[0m
[0m[INFO] [1787137253.956496288, 574.100000000]: Updating LinkState: reference_frame is empty/world/map, using inertial frame[0m
[0m[INFO] [1787137254.056607765, 574.198000000]: Updating LinkState: reference_frame is empty/world/map, using inertial frame[0m
[0m[INFO] [1787137254.059705483, 574.202000000]: Updating LinkState: reference_frame is empty/world/map, using inertial frame[0m
[0m[INFO] [1787137254.156291965, 574.296000000]: Updating LinkState: reference_frame is empty/world/map, using inertial frame[0m
[0m[INFO] [1787137254.158889332, 574.298000000]: Updating LinkState: reference_frame is empty/world/map, using inertial frame[0m
[0m[INFO] [1787137254.252204110, 574.392000000]: Updating LinkState: reference_frame is empty/world/map, using inertial frame[0m
[0m[INFO] [1787137254.253221472, 574.394000000]: Updating LinkState: reference_frame is empty/world/map, using inertial frame[0m
[0m[INFO] [1787137254.352695224, 574.492000000]: Updating LinkState: reference_frame is empty/world/map, using inertial frame[0m
[0m[INFO] [1787137254.353743592, 574.494000000]: Updating LinkState: reference_frame is empty/world/map, using inertial frame[0m
[0m[INFO] [1787137254.453947646, 574.594000000]: Updating LinkState: reference_frame is empty/world/map, using inertial frame[0m
[0m[INFO] [1787137254.456569307, 574.596000000]: Updating LinkState: reference_frame is empty/world/map, using inertial frame[0m
[0m[INFO] [1787137254.558418614, 574.694000000]: Updating LinkState: reference_frame is empty/world/map, using inertial frame[0m
[0m[INFO] [1787137254.560691176, 574.696000000]: Updating LinkState: reference_frame is empty/world/map, using inertial frame[0m
[0m[INFO] [1787137254.656181896, 574.790000000]: Updating LinkState: reference_frame is empty/world/map, using inertial frame[0m
[0m[INFO] [1787137254.658405698, 574.792000000]: Updating LinkState: reference_frame is empty/world/map, using inertial frame[0m
[0m[INFO] [1787137254.752163143, 574.886000000]: Updating LinkState: reference_frame is empty/world/map, using inertial frame[0m
[0m[INFO] [1787137254.753056954, 574.888000000]: Updating LinkState: reference_frame is empty/world/map, using inertial frame[0m
[0m[INFO] [1787137254.854273248, 574.988000000]: Updating LinkState: reference_frame is empty/world/map, using inertial frame[0m
[0m[INFO] [1787137254.855422753, 574.990000000]: Updating LinkState: reference_frame is empty/world/map, using inertial frame[0m
[0m[INFO] [1787137254.954365626, 575.088000000]: Updating LinkState: reference_frame is empty/world/map, using inertial frame[0m
[0m[INFO] [1787137254.957431569, 575.092000000]: Updating LinkState: reference_frame is empty/world/map, using inertial frame[0m
[0m[INFO] [1787137255.054586308, 575.188000000]: Updating LinkState: reference_frame is empty/world/map, using inertial frame[0m
[0m[INFO] [1787137255.058104667, 575.190000000]: Updating LinkState: reference_frame is empty/world/map, using inertial frame[0m
[0m[INFO] [1787137255.153433484, 575.286000000]: Updating LinkState: reference_frame is empty/world/map, using inertial frame[0m
[0m[INFO] [1787137255.155402878, 575.288000000]: Updating LinkState: reference_frame is empty/world/map, using inertial frame[0m
[0m[INFO] [1787137255.252529430, 575.384000000]: Updating LinkState: reference_frame is empty/world/map, using inertial frame[0m
[0m[INFO] [1787137255.253588943, 575.386000000]: Updating LinkState: reference_frame is empty/world/map, using inertial frame[0m
[0m[INFO] [1787137255.352296540, 575.484000000]: Updating LinkState: reference_frame is empty/world/map, using inertial frame[0m
[0m[INFO] [1787137255.353360250, 575.486000000]: Updating LinkState: reference_frame is empty/world/map, using inertial frame[0m
[0m[INFO] [1787137255.453601359, 575.586000000]: Updating LinkState: reference_frame is empty/world/map, using inertial frame[0m
[0m[INFO] [1787137255.455330534, 575.588000000]: Updating LinkState: reference_frame is empty/world/map, using inertial frame[0m
[0m[INFO] [1787137255.554707539, 575.686000000]: Updating LinkState: reference_frame is empty/world/map, using inertial frame[0m
[0m[INFO] [1787137255.557254617, 575.690000000]: Updating LinkState: reference_frame is empty/world/map, using inertial frame[0m
[0m[INFO] [1787137255.657031699, 575.786000000]: Updating LinkState: reference_frame is empty/world/map, using inertial frame[0m
[0m[INFO] [1787137255.659524426, 575.788000000]: Updating LinkState: reference_frame is empty/world/map, using inertial frame[0m
[0m[INFO] [1787137255.753228714, 575.882000000]: Updating LinkState: reference_frame is empty/world/map, using inertial frame[0m
[0m[INFO] [1787137255.754511522, 575.884000000]: Updating LinkState: reference_frame is empty/world/map, using inertial frame[0m
[0m[INFO] [1787137255.852858843, 575.982000000]: Updating LinkState: reference_frame is empty/world/map, using inertial frame[0m
[0m[INFO] [1787137255.854014845, 575.984000000]: Updating LinkState: reference_frame is empty/world/map, using inertial frame[0m
[0m[INFO] [1787137255.954406918, 576.084000000]: Updating LinkState: reference_frame is empty/world/map, using inertial frame[0m
[0m[INFO] [1787137255.957010850, 576.086000000]: Updating LinkState: reference_frame is empty/world/map, using inertial frame[0m
[0m[INFO] [1787137256.058048764, 576.184000000]: Updating LinkState: reference_frame is empty/world/map, using inertial frame[0m
[0m[INFO] [1787137256.060953802, 576.188000000]: Updating LinkState: reference_frame is empty/world/map, using inertial frame[0m
[0m[INFO] [1787137256.157065147, 576.282000000]: Updating LinkState: reference_frame is empty/world/map, using inertial frame[0m
[0m[INFO] [1787137256.159595963, 576.286000000]: Updating LinkState: reference_frame is empty/world/map, using inertial frame[0m
[0m[INFO] [1787137256.252851213, 576.378000000]: Updating LinkState: reference_frame is empty/world/map, using inertial frame[0m
[0m[INFO] [1787137256.253889719, 576.380000000]: Updating LinkState: reference_frame is empty/world/map, using inertial frame[0m
[0m[INFO] [1787137256.352791652, 576.478000000]: Updating LinkState: reference_frame is empty/world/map, using inertial frame[0m
[0m[INFO] [1787137256.353805422, 576.480000000]: Updating LinkState: reference_frame is empty/world/map, using inertial frame[0m
[0m[INFO] [1787137256.455013114, 576.580000000]: Updating LinkState: reference_frame is empty/world/map, using inertial frame[0m
[0m[INFO] [1787137256.457444230, 576.582000000]: Updating LinkState: reference_frame is empty/world/map, using inertial frame[0m
[0m[INFO] [1787137256.556197487, 576.680000000]: Updating LinkState: reference_frame is empty/world/map, using inertial frame[0m
[0m[INFO] [1787137256.558508445, 576.684000000]: Updating LinkState: reference_frame is empty/world/map, using inertial frame[0m
[0m[INFO] [1787137256.654556771, 576.778000000]: Updating LinkState: reference_frame is empty/world/map, using inertial frame[0m
[0m[INFO] [1787137256.656012671, 576.780000000]: Updating LinkState: reference_frame is empty/world/map, using inertial frame[0m
[0m[INFO] [1787137256.752303245, 576.876000000]: Updating LinkState: reference_frame is empty/world/map, using inertial frame[0m
[0m[INFO] [1787137256.753339130, 576.878000000]: Updating LinkState: reference_frame is empty/world/map, using inertial frame[0m
[0m[INFO] [1787137256.852213506, 576.976000000]: Updating LinkState: reference_frame is empty/world/map, using inertial frame[0m
[0m[INFO] [1787137256.853247857, 576.978000000]: Updating LinkState: reference_frame is empty/world/map, using inertial frame[0m
[0m[INFO] [1787137256.954362852, 577.078000000]: Updating LinkState: reference_frame is empty/world/map, using inertial frame[0m
[0m[INFO] [1787137256.956911559, 577.082000000]: Updating LinkState: reference_frame is empty/world/map, using inertial frame[0m
[0m[INFO] [1787137257.054843349, 577.178000000]: Updating LinkState: reference_frame is empty/world/map, using inertial frame[0m
[0m[INFO] [1787137257.058882478, 577.182000000]: Updating LinkState: reference_frame is empty/world/map, using inertial frame[0m
[0m[INFO] [1787137257.155373393, 577.278000000]: Updating LinkState: reference_frame is empty/world/map, using inertial frame[0m
[0m[INFO] [1787137257.157465304, 577.280000000]: Updating LinkState: reference_frame is empty/world/map, using inertial frame[0m
[0m[INFO] [1787137257.251902561, 577.376000000]: Updating LinkState: reference_frame is empty/world/map, using inertial frame[0m
[0m[INFO] [1787137257.253426824, 577.376000000]: Updating LinkState: reference_frame is empty/world/map, using inertial frame[0m
[0m[INFO] [1787137257.351521730, 577.474000000]: Updating LinkState: reference_frame is empty/world/map, using inertial frame[0m
[0m[INFO] [1787137257.352655064, 577.476000000]: Updating LinkState: reference_frame is empty/world/map, using inertial frame[0m
[0m[INFO] [1787137257.455434165, 577.578000000]: Updating LinkState: reference_frame is empty/world/map, using inertial frame[0m
[0m[INFO] [1787137257.458067638, 577.582000000]: Updating LinkState: reference_frame is empty/world/map, using inertial frame[0m
[0m[INFO] [1787137257.554187360, 577.676000000]: Updating LinkState: reference_frame is empty/world/map, using inertial frame[0m
[0m[INFO] [1787137257.555217712, 577.678000000]: Updating LinkState: reference_frame is empty/world/map, using inertial frame[0m
[0m[INFO] [1787137257.654978785, 577.778000000]: Updating LinkState: reference_frame is empty/world/map, using inertial frame[0m
[0m[INFO] [1787137257.659716974, 577.782000000]: Updating LinkState: reference_frame is empty/world/map, using inertial frame[0m
[0m[INFO] [1787137257.752551007, 577.874000000]: Updating LinkState: reference_frame is empty/world/map, using inertial frame[0m
[0m[INFO] [1787137257.753786358, 577.876000000]: Updating LinkState: reference_frame is empty/world/map, using inertial frame[0m
[0m[INFO] [1787137257.852553004, 577.974000000]: Updating LinkState: reference_frame is empty/world/map, using inertial frame[0m
[0m[INFO] [1787137257.853642673, 577.976000000]: Updating LinkState: reference_frame is empty/world/map, using inertial frame[0m
[0m[INFO] [1787137257.954443772, 578.076000000]: Updating LinkState: reference_frame is empty/world/map, using inertial frame[0m
[0m[INFO] [1787137257.956224577, 578.078000000]: Updating LinkState: reference_frame is empty/world/map, using inertial frame[0m
[0m[INFO] [1787137258.055391622, 578.176000000]: Updating LinkState: reference_frame is empty/world/map, using inertial frame[0m
[0m[INFO] [1787137258.057622421, 578.178000000]: Updating LinkState: reference_frame is empty/world/map, using inertial frame[0m
[0m[INFO] [1787137258.155690095, 578.274000000]: Updating LinkState: reference_frame is empty/world/map, using inertial frame[0m
[0m[INFO] [1787137258.158278729, 578.278000000]: Updating LinkState: reference_frame is empty/world/map, using inertial frame[0m
[0m[INFO] [1787137258.253867873, 578.372000000]: Updating LinkState: reference_frame is empty/world/map, using inertial frame[0m
[0m[INFO] [1787137258.255036748, 578.374000000]: Updating LinkState: reference_frame is empty/world/map, using inertial frame[0m
[0m[INFO] [1787137258.353939959, 578.472000000]: Updating LinkState: reference_frame is empty/world/map, using inertial frame[0m
[0m[INFO] [1787137258.354983193, 578.472000000]: Updating LinkState: reference_frame is empty/world/map, using inertial frame[0m
[0m[INFO] [1787137258.455392679, 578.572000000]: Updating LinkState: reference_frame is empty/world/map, using inertial frame[0m
[0m[INFO] [1787137258.458115063, 578.574000000]: Updating LinkState: reference_frame is empty/world/map, using inertial frame[0m
[0m[INFO] [1787137258.557340957, 578.672000000]: Updating LinkState: reference_frame is empty/world/map, using inertial frame[0m
[0m[INFO] [1787137258.559401138, 578.674000000]: Updating LinkState: reference_frame is empty/world/map, using inertial frame[0m
[0m[INFO] [1787137258.653125008, 578.768000000]: Updating LinkState: reference_frame is empty/world/map, using inertial frame[0m
[0m[INFO] [1787137258.655424732, 578.770000000]: Updating LinkState: reference_frame is empty/world/map, using inertial frame[0m
[0m[INFO] [1787137258.752071655, 578.866000000]: Updating LinkState: reference_frame is empty/world/map, using inertial frame[0m
[0m[INFO] [1787137258.753401050, 578.868000000]: Updating LinkState: reference_frame is empty/world/map, using inertial frame[0m
[0m[INFO] [1787137258.852310407, 578.966000000]: Updating LinkState: reference_frame is empty/world/map, using inertial frame[0m
[0m[INFO] [1787137258.853433048, 578.968000000]: Updating LinkState: reference_frame is empty/world/map, using inertial frame[0m
[0m[INFO] [1787137258.954607624, 579.068000000]: Updating LinkState: reference_frame is empty/world/map, using inertial frame[0m
[0m[INFO] [1787137258.957310244, 579.072000000]: Updating LinkState: reference_frame is empty/world/map, using inertial frame[0m
[0m[INFO] [1787137259.055230269, 579.168000000]: Updating LinkState: reference_frame is empty/world/map, using inertial frame[0m
[0m[INFO] [1787137259.057607473, 579.170000000]: Updating LinkState: reference_frame is empty/world/map, using inertial frame[0m
[0m[INFO] [1787137259.155436663, 579.266000000]: Updating LinkState: reference_frame is empty/world/map, using inertial frame[0m
[0m[INFO] [1787137259.157939066, 579.270000000]: Updating LinkState: reference_frame is empty/world/map, using inertial frame[0m
[0m[INFO] [1787137259.253318415, 579.364000000]: Updating LinkState: reference_frame is empty/world/map, using inertial frame[0m
[0m[INFO] [1787137259.254464561, 579.366000000]: Updating LinkState: reference_frame is empty/world/map, using inertial frame[0m
[0m[INFO] [1787137259.352978851, 579.464000000]: Updating LinkState: reference_frame is empty/world/map, using inertial frame[0m
[0m[INFO] [1787137259.354043880, 579.466000000]: Updating LinkState: reference_frame is empty/world/map, using inertial frame[0m
[0m[INFO] [1787137259.455140810, 579.566000000]: Updating LinkState: reference_frame is empty/world/map, using inertial frame[0m
[0m[INFO] [1787137259.457289102, 579.568000000]: Updating LinkState: reference_frame is empty/world/map, using inertial frame[0m
[0m[INFO] [1787137259.554325295, 579.664000000]: Updating LinkState: reference_frame is empty/world/map, using inertial frame[0m
[0m[INFO] [1787137259.556815177, 579.666000000]: Updating LinkState: reference_frame is empty/world/map, using inertial frame[0m
[0m[INFO] [1787137259.655694962, 579.764000000]: Updating LinkState: reference_frame is empty/world/map, using inertial frame[0m
[0m[INFO] [1787137259.658729633, 579.768000000]: Updating LinkState: reference_frame is empty/world/map, using inertial frame[0m
[0m[INFO] [1787137259.752133705, 579.860000000]: Updating LinkState: reference_frame is empty/world/map, using inertial frame[0m
[0m[INFO] [1787137259.753382141, 579.862000000]: Updating LinkState: reference_frame is empty/world/map, using inertial frame[0m
[0m[INFO] [1787137259.852230652, 579.960000000]: Updating LinkState: reference_frame is empty/world/map, using inertial frame[0m
[0m[INFO] [1787137259.853316867, 579.962000000]: Updating LinkState: reference_frame is empty/world/map, using inertial frame[0m
[0m[INFO] [1787137259.953306190, 580.062000000]: Updating LinkState: reference_frame is empty/world/map, using inertial frame[0m
[0m[INFO] [1787137259.955179775, 580.064000000]: Updating LinkState: reference_frame is empty/world/map, using inertial frame[0m
[0m[INFO] [1787137260.055905000, 580.162000000]: Updating LinkState: reference_frame is empty/world/map, using inertial frame[0m
[0m[INFO] [1787137260.058049708, 580.164000000]: Updating LinkState: reference_frame is empty/world/map, using inertial frame[0m
[0m[INFO] [1787137260.157320573, 580.260000000]: Updating LinkState: reference_frame is empty/world/map, using inertial frame[0m
[0m[INFO] [1787137260.161004208, 580.264000000]: Updating LinkState: reference_frame is empty/world/map, using inertial frame[0m
[0m[INFO] [1787137260.253154736, 580.356000000]: Updating LinkState: reference_frame is empty/world/map, using inertial frame[0m
[0m[INFO] [1787137260.254199336, 580.358000000]: Updating LinkState: reference_frame is empty/world/map, using inertial frame[0m
[0m[INFO] [1787137260.353040491, 580.456000000]: Updating LinkState: reference_frame is empty/world/map, using inertial frame[0m
[0m[INFO] [1787137260.354053521, 580.458000000]: Updating LinkState: reference_frame is empty/world/map, using inertial frame[0m
[0m[INFO] [1787137260.454460036, 580.558000000]: Updating LinkState: reference_frame is empty/world/map, using inertial frame[0m
[0m[INFO] [1787137260.457268590, 580.560000000]: Updating LinkState: reference_frame is empty/world/map, using inertial frame[0m
[0m[INFO] [1787137260.556333623, 580.658000000]: Updating LinkState: reference_frame is empty/world/map, using inertial frame[0m
[0m[INFO] [1787137260.559678861, 580.662000000]: Updating LinkState: reference_frame is empty/world/map, using inertial frame[0m
[0m[INFO] [1787137260.652618511, 580.756000000]: Updating LinkState: reference_frame is empty/world/map, using inertial frame[0m
[0m[INFO] [1787137260.655145385, 580.758000000]: Updating LinkState: reference_frame is empty/world/map, using inertial frame[0m
[0m[INFO] [1787137260.752190102, 580.854000000]: Updating LinkState: reference_frame is empty/world/map, using inertial frame[0m
[0m[INFO] [1787137260.753141972, 580.856000000]: Updating LinkState: reference_frame is empty/world/map, using inertial frame[0m
[0m[INFO] [1787137260.854037750, 580.956000000]: Updating LinkState: reference_frame is empty/world/map, using inertial frame[0m
[0m[INFO] [1787137260.855111178, 580.958000000]: Updating LinkState: reference_frame is empty/world/map, using inertial frame[0m
[0m[INFO] [1787137260.956303761, 581.058000000]: Updating LinkState: reference_frame is empty/world/map, using inertial frame[0m
[0m[INFO] [1787137260.959787174, 581.062000000]: Updating LinkState: reference_frame is empty/world/map, using inertial frame[0m
[0m[INFO] [1787137261.053664850, 581.156000000]: Updating LinkState: reference_frame is empty/world/map, using inertial frame[0m
[0m[INFO] [1787137261.055775768, 581.158000000]: Updating LinkState: reference_frame is empty/world/map, using inertial frame[0m
[0m[INFO] [1787137261.155878164, 581.256000000]: Updating LinkState: reference_frame is empty/world/map, using inertial frame[0m
[0m[INFO] [1787137261.158312861, 581.258000000]: Updating LinkState: reference_frame is empty/world/map, using inertial frame[0m
[0m[INFO] [1787137261.252788871, 581.352000000]: Updating LinkState: reference_frame is empty/world/map, using inertial frame[0m
[0m[INFO] [1787137261.253877286, 581.354000000]: Updating LinkState: reference_frame is empty/world/map, using inertial frame[0m
[0m[INFO] [1787137261.353148772, 581.452000000]: Updating LinkState: reference_frame is empty/world/map, using inertial frame[0m
[0m[INFO] [1787137261.354287809, 581.454000000]: Updating LinkState: reference_frame is empty/world/map, using inertial frame[0m
[0m[INFO] [1787137261.454889724, 581.554000000]: Updating LinkState: reference_frame is empty/world/map, using inertial frame[0m
[0m[INFO] [1787137261.457392214, 581.558000000]: Updating LinkState: reference_frame is empty/world/map, using inertial frame[0m
[0m[INFO] [1787137261.556351192, 581.654000000]: Updating LinkState: reference_frame is empty/world/map, using inertial frame[0m
[0m[INFO] [1787137261.558929994, 581.656000000]: Updating LinkState: reference_frame is empty/world/map, using inertial frame[0m
[0m[INFO] [1787137261.655892093, 581.752000000]: Updating LinkState: reference_frame is empty/world/map, using inertial frame[0m
[0m[INFO] [1787137261.658384082, 581.754000000]: Updating LinkState: reference_frame is empty/world/map, using inertial frame[0m
[0m[INFO] [1787137261.753314336, 581.848000000]: Updating LinkState: reference_frame is empty/world/map, using inertial frame[0m
[0m[INFO] [1787137261.754467775, 581.850000000]: Updating LinkState: reference_frame is empty/world/map, using inertial frame[0m
[0m[INFO] [1787137261.853239754, 581.948000000]: Updating LinkState: reference_frame is empty/world/map, using inertial frame[0m
[0m[INFO] [1787137261.854389212, 581.950000000]: Updating LinkState: reference_frame is empty/world/map, using inertial frame[0m
[0m[INFO] [1787137261.952842750, 582.048000000]: Updating LinkState: reference_frame is empty/world/map, using inertial frame[0m
[0m[INFO] [1787137261.953863900, 582.050000000]: Updating LinkState: reference_frame is empty/world/map, using inertial frame[0m
[0m[INFO] [1787137262.054839346, 582.150000000]: Updating LinkState: reference_frame is empty/world/map, using inertial frame[0m
[0m[INFO] [1787137262.056809270, 582.152000000]: Updating LinkState: reference_frame is empty/world/map, using inertial frame[0m
[0m[INFO] [1787137262.156533545, 582.250000000]: Updating LinkState: reference_frame is empty/world/map, using inertial frame[0m
[0m[INFO] [1787137262.158976043, 582.254000000]: Updating LinkState: reference_frame is empty/world/map, using inertial frame[0m
[0m[INFO] [1787137262.252418529, 582.346000000]: Updating LinkState: reference_frame is empty/world/map, using inertial frame[0m
[0m[INFO] [1787137262.253489203, 582.348000000]: Updating LinkState: reference_frame is empty/world/map, using inertial frame[0m
[0m[INFO] [1787137262.352579399, 582.446000000]: Updating LinkState: reference_frame is empty/world/map, using inertial frame[0m
[0m[INFO] [1787137262.353810626, 582.448000000]: Updating LinkState: reference_frame is empty/world/map, using inertial frame[0m
[0m[INFO] [1787137262.453852131, 582.548000000]: Updating LinkState: reference_frame is empty/world/map, using inertial frame[0m
[0m[INFO] [1787137262.455988736, 582.550000000]: Updating LinkState: reference_frame is empty/world/map, using inertial frame[0m
[0m[INFO] [1787137262.555757081, 582.650000000]: Updating LinkState: reference_frame is empty/world/map, using inertial frame[0m
[0m[INFO] [1787137262.559181309, 582.652000000]: Updating LinkState: reference_frame is empty/world/map, using inertial frame[0m
[0m[INFO] [1787137262.654550096, 582.746000000]: Updating LinkState: reference_frame is empty/world/map, using inertial frame[0m
[0m[INFO] [1787137262.656258341, 582.748000000]: Updating LinkState: reference_frame is empty/world/map, using inertial frame[0m
[0m[INFO] [1787137262.753819948, 582.844000000]: Updating LinkState: reference_frame is empty/world/map, using inertial frame[0m
[0m[INFO] [1787137262.754878475, 582.846000000]: Updating LinkState: reference_frame is empty/world/map, using inertial frame[0m
[0m[INFO] [1787137262.853965266, 582.944000000]: Updating LinkState: reference_frame is empty/world/map, using inertial frame[0m
[0m[INFO] [1787137262.855175374, 582.946000000]: Updating LinkState: reference_frame is empty/world/map, using inertial frame[0m
[0m[INFO] [1787137262.952419884, 583.044000000]: Updating LinkState: reference_frame is empty/world/map, using inertial frame[0m
[0m[INFO] [1787137262.954648585, 583.046000000]: Updating LinkState: reference_frame is empty/world/map, using inertial frame[0m
[0m[INFO] [1787137263.056741728, 583.146000000]: Updating LinkState: reference_frame is empty/world/map, using inertial frame[0m
[0m[INFO] [1787137263.058802309, 583.148000000]: Updating LinkState: reference_frame is empty/world/map, using inertial frame[0m
[0m[INFO] [1787137263.155723280, 583.242000000]: Updating LinkState: reference_frame is empty/world/map, using inertial frame[0m
[0m[INFO] [1787137263.156885387, 583.244000000]: Updating LinkState: reference_frame is empty/world/map, using inertial frame[0m
[0m[INFO] [1787137263.254033560, 583.340000000]: Updating LinkState: reference_frame is empty/world/map, using inertial frame[0m
[0m[INFO] [1787137263.254937977, 583.342000000]: Updating LinkState: reference_frame is empty/world/map, using inertial frame[0m
[0m[INFO] [1787137263.354081419, 583.440000000]: Updating LinkState: reference_frame is empty/world/map, using inertial frame[0m
[0m[INFO] [1787137263.355140636, 583.442000000]: Updating LinkState: reference_frame is empty/world/map, using inertial frame[0m
[0m[INFO] [1787137263.456246900, 583.542000000]: Updating LinkState: reference_frame is empty/world/map, using inertial frame[0m
[0m[INFO] [1787137263.458811227, 583.544000000]: Updating LinkState: reference_frame is empty/world/map, using inertial frame[0m
[0m[INFO] [1787137263.553957043, 583.640000000]: Updating LinkState: reference_frame is empty/world/map, using inertial frame[0m
[0m[INFO] [1787137263.556414105, 583.642000000]: Updating LinkState: reference_frame is empty/world/map, using inertial frame[0m
[0m[INFO] [1787137263.656376727, 583.740000000]: Updating LinkState: reference_frame is empty/world/map, using inertial frame[0m
[0m[INFO] [1787137263.658587262, 583.742000000]: Updating LinkState: reference_frame is empty/world/map, using inertial frame[0m
[0m[INFO] [1787137263.753188166, 583.836000000]: Updating LinkState: reference_frame is empty/world/map, using inertial frame[0m
[0m[INFO] [1787137263.754350819, 583.838000000]: Updating LinkState: reference_frame is empty/world/map, using inertial frame[0m
[0m[INFO] [1787137263.852971310, 583.936000000]: Updating LinkState: reference_frame is empty/world/map, using inertial frame[0m
[0m[INFO] [1787137263.854130002, 583.938000000]: Updating LinkState: reference_frame is empty/world/map, using inertial frame[0m
[0m[INFO] [1787137263.953032712, 584.036000000]: Updating LinkState: reference_frame is empty/world/map, using inertial frame[0m
[0m[INFO] [1787137263.954118651, 584.038000000]: Updating LinkState: reference_frame is empty/world/map, using inertial frame[0m
[0m[INFO] [1787137264.059542470, 584.140000000]: Updating LinkState: reference_frame is empty/world/map, using inertial frame[0m
[0m[INFO] [1787137264.062173420, 584.144000000]: Updating LinkState: reference_frame is empty/world/map, using inertial frame[0m
[0m[INFO] [1787137264.155649507, 584.236000000]: Updating LinkState: reference_frame is empty/world/map, using inertial frame[0m
[0m[INFO] [1787137264.157888013, 584.238000000]: Updating LinkState: reference_frame is empty/world/map, using inertial frame[0m
[0m[INFO] [1787137264.251808163, 584.332000000]: Updating LinkState: reference_frame is empty/world/map, using inertial frame[0m
[0m[INFO] [1787137264.252873050, 584.334000000]: Updating LinkState: reference_frame is empty/world/map, using inertial frame[0m
[0m[INFO] [1787137264.353400896, 584.434000000]: Updating LinkState: reference_frame is empty/world/map, using inertial frame[0m
[0m[INFO] [1787137264.354577121, 584.436000000]: Updating LinkState: reference_frame is empty/world/map, using inertial frame[0m
[0m[INFO] [1787137264.453447298, 584.534000000]: Updating LinkState: reference_frame is empty/world/map, using inertial frame[0m
[0m[INFO] [1787137264.454674564, 584.536000000]: Updating LinkState: reference_frame is empty/world/map, using inertial frame[0m
[0m[INFO] [1787137264.556932506, 584.636000000]: Updating LinkState: reference_frame is empty/world/map, using inertial frame[0m
[0m[INFO] [1787137264.558087193, 584.636000000]: Updating LinkState: reference_frame is empty/world/map, using inertial frame[0m
[0m[INFO] [1787137264.653403563, 584.732000000]: Updating LinkState: reference_frame is empty/world/map, using inertial frame[0m
[0m[INFO] [1787137264.655616541, 584.734000000]: Updating LinkState: reference_frame is empty/world/map, using inertial frame[0m
[0m[INFO] [1787137264.752451184, 584.830000000]: Updating LinkState: reference_frame is empty/world/map, using inertial frame[0m
[0m[INFO] [1787137264.753581623, 584.832000000]: Updating LinkState: reference_frame is empty/world/map, using inertial frame[0m
[0m[INFO] [1787137264.852110688, 584.930000000]: Updating LinkState: reference_frame is empty/world/map, using inertial frame[0m
[0m[INFO] [1787137264.853154745, 584.932000000]: Updating LinkState: reference_frame is empty/world/map, using inertial frame[0m
[0m[INFO] [1787137264.954787527, 585.034000000]: Updating LinkState: reference_frame is empty/world/map, using inertial frame[0m
[0m[INFO] [1787137264.956647004, 585.036000000]: Updating LinkState: reference_frame is empty/world/map, using inertial frame[0m
[0m[INFO] [1787137265.056265793, 585.134000000]: Updating LinkState: reference_frame is empty/world/map, using inertial frame[0m
[0m[INFO] [1787137265.058481752, 585.136000000]: Updating LinkState: reference_frame is empty/world/map, using inertial frame[0m
[0m[INFO] [1787137265.152859837, 585.230000000]: Updating LinkState: reference_frame is empty/world/map, using inertial frame[0m
[0m[INFO] [1787137265.154178107, 585.232000000]: Updating LinkState: reference_frame is empty/world/map, using inertial frame[0m
[0m[INFO] [1787137265.252687729, 585.330000000]: Updating LinkState: reference_frame is empty/world/map, using inertial frame[0m
[0m[INFO] [1787137265.253793698, 585.332000000]: Updating LinkState: reference_frame is empty/world/map, using inertial frame[0m
[0m[INFO] [1787137265.352673761, 585.430000000]: Updating LinkState: reference_frame is empty/world/map, using inertial frame[0m
[0m[INFO] [1787137265.353779293, 585.432000000]: Updating LinkState: reference_frame is empty/world/map, using inertial frame[0m
[0m[INFO] [1787137265.452678094, 585.530000000]: Updating LinkState: reference_frame is empty/world/map, using inertial frame[0m
[0m[INFO] [1787137265.454150385, 585.532000000]: Updating LinkState: reference_frame is empty/world/map, using inertial frame[0m
[0m[INFO] [1787137265.555211918, 585.632000000]: Updating LinkState: reference_frame is empty/world/map, using inertial frame[0m
[0m[INFO] [1787137265.557478449, 585.634000000]: Updating LinkState: reference_frame is empty/world/map, using inertial frame[0m
[0m[INFO] [1787137265.654572002, 585.730000000]: Updating LinkState: reference_frame is empty/world/map, using inertial frame[0m
[0m[INFO] [1787137265.657056205, 585.732000000]: Updating LinkState: reference_frame is empty/world/map, using inertial frame[0m
[0m[INFO] [1787137265.753602324, 585.828000000]: Updating LinkState: reference_frame is empty/world/map, using inertial frame[0m
[0m[INFO] [1787137265.754891214, 585.830000000]: Updating LinkState: reference_frame is empty/world/map, using inertial frame[0m
[0m[INFO] [1787137265.853459869, 585.928000000]: Updating LinkState: reference_frame is empty/world/map, using inertial frame[0m
[0m[INFO] [1787137265.854568194, 585.930000000]: Updating LinkState: reference_frame is empty/world/map, using inertial frame[0m
[0m[INFO] [1787137265.953277774, 586.028000000]: Updating LinkState: reference_frame is empty/world/map, using inertial frame[0m
[0m[INFO] [1787137265.954416958, 586.030000000]: Updating LinkState: reference_frame is empty/world/map, using inertial frame[0m
[0m[INFO] [1787137266.055603333, 586.130000000]: Updating LinkState: reference_frame is empty/world/map, using inertial frame[0m
[0m[INFO] [1787137266.057825441, 586.132000000]: Updating LinkState: reference_frame is empty/world/map, using inertial frame[0m
[0m[INFO] [1787137266.154170135, 586.226000000]: Updating LinkState: reference_frame is empty/world/map, using inertial frame[0m
[0m[INFO] [1787137266.156883534, 586.228000000]: Updating LinkState: reference_frame is empty/world/map, using inertial frame[0m
[0m[INFO] [1787137266.252179159, 586.322000000]: Updating LinkState: reference_frame is empty/world/map, using inertial frame[0m
[0m[INFO] [1787137266.253325904, 586.324000000]: Updating LinkState: reference_frame is empty/world/map, using inertial frame[0m
[0m[INFO] [1787137266.352207931, 586.422000000]: Updating LinkState: reference_frame is empty/world/map, using inertial frame[0m
[0m[INFO] [1787137266.353336590, 586.424000000]: Updating LinkState: reference_frame is empty/world/map, using inertial frame[0m
[0m[INFO] [1787137266.452389284, 586.522000000]: Updating LinkState: reference_frame is empty/world/map, using inertial frame[0m
[0m[INFO] [1787137266.453516124, 586.524000000]: Updating LinkState: reference_frame is empty/world/map, using inertial frame[0m
[0m[INFO] [1787137266.554244582, 586.624000000]: Updating LinkState: reference_frame is empty/world/map, using inertial frame[0m
[0m[INFO] [1787137266.556716380, 586.626000000]: Updating LinkState: reference_frame is empty/world/map, using inertial frame[0m
[0m[INFO] [1787137266.654179861, 586.722000000]: Updating LinkState: reference_frame is empty/world/map, using inertial frame[0m
[0m[INFO] [1787137266.656568286, 586.724000000]: Updating LinkState: reference_frame is empty/world/map, using inertial frame[0m
[0m[INFO] [1787137266.753357327, 586.820000000]: Updating LinkState: reference_frame is empty/world/map, using inertial frame[0m
[0m[INFO] [1787137266.754399275, 586.822000000]: Updating LinkState: reference_frame is empty/world/map, using inertial frame[0m
[0m[INFO] [1787137266.852990220, 586.920000000]: Updating LinkState: reference_frame is empty/world/map, using inertial frame[0m
[0m[INFO] [1787137266.854147652, 586.922000000]: Updating LinkState: reference_frame is empty/world/map, using inertial frame[0m
[0m[INFO] [1787137266.952994469, 587.020000000]: Updating LinkState: reference_frame is empty/world/map, using inertial frame[0m
[0m[INFO] [1787137266.954149631, 587.022000000]: Updating LinkState: reference_frame is empty/world/map, using inertial frame[0m
[0m[INFO] [1787137267.055015762, 587.122000000]: Updating LinkState: reference_frame is empty/world/map, using inertial frame[0m
[0m[INFO] [1787137267.057462050, 587.124000000]: Updating LinkState: reference_frame is empty/world/map, using inertial frame[0m
[0m[INFO] [1787137267.153739687, 587.220000000]: Updating LinkState: reference_frame is empty/world/map, using inertial frame[0m
[0m[INFO] [1787137267.156544741, 587.224000000]: Updating LinkState: reference_frame is empty/world/map, using inertial frame[0m
[0m[INFO] [1787137267.254618089, 587.320000000]: Updating LinkState: reference_frame is empty/world/map, using inertial frame[0m
[0m[INFO] [1787137267.255565403, 587.322000000]: Updating LinkState: reference_frame is empty/world/map, using inertial frame[0m
[0m[INFO] [1787137267.352637367, 587.418000000]: Updating LinkState: reference_frame is empty/world/map, using inertial frame[0m
[0m[INFO] [1787137267.353714941, 587.420000000]: Updating LinkState: reference_frame is empty/world/map, using inertial frame[0m
[0m[INFO] [1787137267.452514406, 587.518000000]: Updating LinkState: reference_frame is empty/world/map, using inertial frame[0m
[0m[INFO] [1787137267.453542829, 587.520000000]: Updating LinkState: reference_frame is empty/world/map, using inertial frame[0m
[0m[INFO] [1787137267.554252150, 587.620000000]: Updating LinkState: reference_frame is empty/world/map, using inertial frame[0m
[0m[INFO] [1787137267.556522837, 587.622000000]: Updating LinkState: reference_frame is empty/world/map, using inertial frame[0m
[0m[INFO] [1787137267.657218860, 587.720000000]: Updating LinkState: reference_frame is empty/world/map, using inertial frame[0m
[0m[INFO] [1787137267.659780268, 587.724000000]: Updating LinkState: reference_frame is empty/world/map, using inertial frame[0m
[0m[INFO] [1787137267.751485185, 587.812000000]: Updating LinkState: reference_frame is empty/world/map, using inertial frame[0m
[0m[INFO] [1787137267.752516759, 587.814000000]: Updating LinkState: reference_frame is empty/world/map, using inertial frame[0m
[0m[INFO] [1787137267.853684064, 587.914000000]: Updating LinkState: reference_frame is empty/world/map, using inertial frame[0m
[0m[INFO] [1787137267.854728682, 587.916000000]: Updating LinkState: reference_frame is empty/world/map, using inertial frame[0m
[0m[INFO] [1787137267.953629591, 588.014000000]: Updating LinkState: reference_frame is empty/world/map, using inertial frame[0m
[0m[INFO] [1787137267.954846913, 588.016000000]: Updating LinkState: reference_frame is empty/world/map, using inertial frame[0m
[0m[INFO] [1787137268.054304894, 588.116000000]: Updating LinkState: reference_frame is empty/world/map, using inertial frame[0m
[0m[INFO] [1787137268.056717166, 588.118000000]: Updating LinkState: reference_frame is empty/world/map, using inertial frame[0m
[0m[INFO] [1787137268.158456850, 588.216000000]: Updating LinkState: reference_frame is empty/world/map, using inertial frame[0m
[0m[INFO] [1787137268.160726169, 588.220000000]: Updating LinkState: reference_frame is empty/world/map, using inertial frame[0m
[0m[INFO] [1787137268.255163345, 588.310000000]: Updating LinkState: reference_frame is empty/world/map, using inertial frame[0m
[0m[INFO] [1787137268.256548248, 588.312000000]: Updating LinkState: reference_frame is empty/world/map, using inertial frame[0m
[0m[INFO] [1787137268.352906197, 588.408000000]: Updating LinkState: reference_frame is empty/world/map, using inertial frame[0m
[0m[INFO] [1787137268.354071133, 588.410000000]: Updating LinkState: reference_frame is empty/world/map, using inertial frame[0m
[0m[INFO] [1787137268.453120206, 588.508000000]: Updating LinkState: reference_frame is empty/world/map, using inertial frame[0m
[0m[INFO] [1787137268.454288339, 588.510000000]: Updating LinkState: reference_frame is empty/world/map, using inertial frame[0m
[0m[INFO] [1787137268.555794123, 588.610000000]: Updating LinkState: reference_frame is empty/world/map, using inertial frame[0m
[0m[INFO] [1787137268.559261900, 588.614000000]: Updating LinkState: reference_frame is empty/world/map, using inertial frame[0m
[0m[INFO] [1787137268.655506205, 588.708000000]: Updating LinkState: reference_frame is empty/world/map, using inertial frame[0m
[0m[INFO] [1787137268.657781344, 588.710000000]: Updating LinkState: reference_frame is empty/world/map, using inertial frame[0m
[0m[INFO] [1787137268.751962729, 588.804000000]: Updating LinkState: reference_frame is empty/world/map, using inertial frame[0m
[0m[INFO] [1787137268.753699388, 588.806000000]: Updating LinkState: reference_frame is empty/world/map, using inertial frame[0m
[0m[INFO] [1787137268.851477900, 588.904000000]: Updating LinkState: reference_frame is empty/world/map, using inertial frame[0m
[0m[INFO] [1787137268.852734186, 588.906000000]: Updating LinkState: reference_frame is empty/world/map, using inertial frame[0m
[0m[INFO] [1787137268.953970828, 589.008000000]: Updating LinkState: reference_frame is empty/world/map, using inertial frame[0m
[0m[INFO] [1787137268.955328738, 589.008000000]: Updating LinkState: reference_frame is empty/world/map, using inertial frame[0m
[0m[INFO] [1787137269.053115538, 589.106000000]: Updating LinkState: reference_frame is empty/world/map, using inertial frame[0m
[0m[INFO] [1787137269.054839739, 589.108000000]: Updating LinkState: reference_frame is empty/world/map, using inertial frame[0m
[0m[INFO] [1787137269.154993502, 589.208000000]: Updating LinkState: reference_frame is empty/world/map, using inertial frame[0m
[0m[INFO] [1787137269.157338802, 589.210000000]: Updating LinkState: reference_frame is empty/world/map, using inertial frame[0m
[0m[INFO] [1787137269.252497067, 589.304000000]: Updating LinkState: reference_frame is empty/world/map, using inertial frame[0m
[0m[INFO] [1787137269.254195351, 589.306000000]: Updating LinkState: reference_frame is empty/world/map, using inertial frame[0m
[0m[INFO] [1787137269.351891531, 589.404000000]: Updating LinkState: reference_frame is empty/world/map, using inertial frame[0m
[0m[INFO] [1787137269.353022679, 589.406000000]: Updating LinkState: reference_frame is empty/world/map, using inertial frame[0m
[0m[INFO] [1787137269.453744358, 589.506000000]: Updating LinkState: reference_frame is empty/world/map, using inertial frame[0m
[0m[INFO] [1787137269.454725783, 589.508000000]: Updating LinkState: reference_frame is empty/world/map, using inertial frame[0m
[0m[INFO] [1787137269.554936885, 589.608000000]: Updating LinkState: reference_frame is empty/world/map, using inertial frame[0m
[0m[INFO] [1787137269.557018910, 589.610000000]: Updating LinkState: reference_frame is empty/world/map, using inertial frame[0m
[0m[INFO] [1787137269.653773673, 589.706000000]: Updating LinkState: reference_frame is empty/world/map, using inertial frame[0m
[0m[INFO] [1787137269.655750903, 589.708000000]: Updating LinkState: reference_frame is empty/world/map, using inertial frame[0m
[0m[INFO] [1787137269.753239894, 589.804000000]: Updating LinkState: reference_frame is empty/world/map, using inertial frame[0m
[0m[INFO] [1787137269.754516100, 589.806000000]: Updating LinkState: reference_frame is empty/world/map, using inertial frame[0m
[0m[INFO] [1787137269.852872096, 589.904000000]: Updating LinkState: reference_frame is empty/world/map, using inertial frame[0m
[0m[INFO] [1787137269.853803682, 589.906000000]: Updating LinkState: reference_frame is empty/world/map, using inertial frame[0m
[0m[INFO] [1787137269.952944414, 590.004000000]: Updating LinkState: reference_frame is empty/world/map, using inertial frame[0m
[0m[INFO] [1787137269.954059792, 590.006000000]: Updating LinkState: reference_frame is empty/world/map, using inertial frame[0m
[0m[INFO] [1787137270.054124856, 590.106000000]: Updating LinkState: reference_frame is empty/world/map, using inertial frame[0m
[0m[INFO] [1787137270.055397151, 590.106000000]: Updating LinkState: reference_frame is empty/world/map, using inertial frame[0m
[0m[INFO] [1787137270.153494376, 590.204000000]: Updating LinkState: reference_frame is empty/world/map, using inertial frame[0m
[0m[INFO] [1787137270.156006924, 590.208000000]: Updating LinkState: reference_frame is empty/world/map, using inertial frame[0m
[0m[INFO] [1787137270.260217193, 590.306000000]: Updating LinkState: reference_frame is empty/world/map, using inertial frame[0m
[0m[INFO] [1787137270.262468170, 590.308000000]: Updating LinkState: reference_frame is empty/world/map, using inertial frame[0m
[0m[INFO] [1787137270.351850061, 590.398000000]: Updating LinkState: reference_frame is empty/world/map, using inertial frame[0m
[0m[INFO] [1787137270.352989407, 590.400000000]: Updating LinkState: reference_frame is empty/world/map, using inertial frame[0m
[0m[INFO] [1787137270.452817695, 590.500000000]: Updating LinkState: reference_frame is empty/world/map, using inertial frame[0m
[0m[INFO] [1787137270.454005062, 590.502000000]: Updating LinkState: reference_frame is empty/world/map, using inertial frame[0m
[0m[INFO] [1787137270.554346099, 590.602000000]: Updating LinkState: reference_frame is empty/world/map, using inertial frame[0m
[0m[INFO] [1787137270.557149907, 590.606000000]: Updating LinkState: reference_frame is empty/world/map, using inertial frame[0m
[0m[INFO] [1787137270.654961805, 590.702000000]: Updating LinkState: reference_frame is empty/world/map, using inertial frame[0m
[0m[INFO] [1787137270.657138906, 590.704000000]: Updating LinkState: reference_frame is empty/world/map, using inertial frame[0m
[0m[INFO] [1787137270.754076659, 590.800000000]: Updating LinkState: reference_frame is empty/world/map, using inertial frame[0m
[0m[INFO] [1787137270.756228467, 590.802000000]: Updating LinkState: reference_frame is empty/world/map, using inertial frame[0m
[0m[INFO] [1787137270.852472454, 590.898000000]: Updating LinkState: reference_frame is empty/world/map, using inertial frame[0m
[0m[INFO] [1787137270.853497565, 590.900000000]: Updating LinkState: reference_frame is empty/world/map, using inertial frame[0m
[0m[INFO] [1787137270.952288362, 590.998000000]: Updating LinkState: reference_frame is empty/world/map, using inertial frame[0m
[0m[INFO] [1787137270.953398885, 591.000000000]: Updating LinkState: reference_frame is empty/world/map, using inertial frame[0m
[0m[INFO] [1787137271.054335762, 591.100000000]: Updating LinkState: reference_frame is empty/world/map, using inertial frame[0m
[0m[INFO] [1787137271.056680075, 591.102000000]: Updating LinkState: reference_frame is empty/world/map, using inertial frame[0m
[0m[INFO] [1787137271.152585208, 591.198000000]: Updating LinkState: reference_frame is empty/world/map, using inertial frame[0m
[0m[INFO] [1787137271.153856140, 591.200000000]: Updating LinkState: reference_frame is empty/world/map, using inertial frame[0m
[0m[INFO] [1787137271.256449565, 591.300000000]: Updating LinkState: reference_frame is empty/world/map, using inertial frame[0m
[0m[INFO] [1787137271.258327174, 591.302000000]: Updating LinkState: reference_frame is empty/world/map, using inertial frame[0m
[0m[INFO] [1787137271.353027551, 591.396000000]: Updating LinkState: reference_frame is empty/world/map, using inertial frame[0m
[0m[INFO] [1787137271.354075807, 591.398000000]: Updating LinkState: reference_frame is empty/world/map, using inertial frame[0m
[0m[INFO] [1787137271.452756305, 591.496000000]: Updating LinkState: reference_frame is empty/world/map, using inertial frame[0m
[0m[INFO] [1787137271.454006555, 591.498000000]: Updating LinkState: reference_frame is empty/world/map, using inertial frame[0m
[0m[INFO] [1787137271.554444802, 591.598000000]: Updating LinkState: reference_frame is empty/world/map, using inertial frame[0m
[0m[INFO] [1787137271.556762552, 591.600000000]: Updating LinkState: reference_frame is empty/world/map, using inertial frame[0m
[0m[INFO] [1787137271.656739289, 591.698000000]: Updating LinkState: reference_frame is empty/world/map, using inertial frame[0m
[0m[INFO] [1787137271.658909616, 591.700000000]: Updating LinkState: reference_frame is empty/world/map, using inertial frame[0m
[0m[INFO] [1787137271.756617237, 591.796000000]: Updating LinkState: reference_frame is empty/world/map, using inertial frame[0m
[0m[INFO] [1787137271.759037814, 591.798000000]: Updating LinkState: reference_frame is empty/world/map, using inertial frame[0m
[0m[INFO] [1787137271.853040243, 591.892000000]: Updating LinkState: reference_frame is empty/world/map, using inertial frame[0m
[0m[INFO] [1787137271.854137980, 591.894000000]: Updating LinkState: reference_frame is empty/world/map, using inertial frame[0m
[0m[INFO] [1787137271.953126828, 591.992000000]: Updating LinkState: reference_frame is empty/world/map, using inertial frame[0m
[0m[INFO] [1787137271.954119362, 591.994000000]: Updating LinkState: reference_frame is empty/world/map, using inertial frame[0m
[0m[INFO] [1787137272.055638664, 592.094000000]: Updating LinkState: reference_frame is empty/world/map, using inertial frame[0m
[0m[INFO] [1787137272.058008206, 592.098000000]: Updating LinkState: reference_frame is empty/world/map, using inertial frame[0m
[0m[INFO] [1787137272.158159005, 592.194000000]: Updating LinkState: reference_frame is empty/world/map, using inertial frame[0m
[0m[INFO] [1787137272.160112686, 592.196000000]: Updating LinkState: reference_frame is empty/world/map, using inertial frame[0m
[0m[INFO] [1787137272.256547332, 592.290000000]: Updating LinkState: reference_frame is empty/world/map, using inertial frame[0m
[0m[INFO] [1787137272.258640911, 592.292000000]: Updating LinkState: reference_frame is empty/world/map, using inertial frame[0m
[0m[INFO] [1787137272.352827833, 592.386000000]: Updating LinkState: reference_frame is empty/world/map, using inertial frame[0m
[0m[INFO] [1787137272.353951463, 592.388000000]: Updating LinkState: reference_frame is empty/world/map, using inertial frame[0m
[0m[INFO] [1787137272.452895661, 592.486000000]: Updating LinkState: reference_frame is empty/world/map, using inertial frame[0m
[0m[INFO] [1787137272.454123963, 592.488000000]: Updating LinkState: reference_frame is empty/world/map, using inertial frame[0m
[0m[INFO] [1787137272.555221319, 592.588000000]: Updating LinkState: reference_frame is empty/world/map, using inertial frame[0m
[0m[INFO] [1787137272.557493417, 592.592000000]: Updating LinkState: reference_frame is empty/world/map, using inertial frame[0m
[0m[INFO] [1787137272.655534427, 592.688000000]: Updating LinkState: reference_frame is empty/world/map, using inertial frame[0m
[0m[INFO] [1787137272.657396034, 592.690000000]: Updating LinkState: reference_frame is empty/world/map, using inertial frame[0m
[0m[INFO] [1787137272.752680921, 592.786000000]: Updating LinkState: reference_frame is empty/world/map, using inertial frame[0m
[0m[INFO] [1787137272.755583136, 592.788000000]: Updating LinkState: reference_frame is empty/world/map, using inertial frame[0m
[0m[INFO] [1787137272.851279797, 592.884000000]: Updating LinkState: reference_frame is empty/world/map, using inertial frame[0m
[0m[INFO] [1787137272.852422672, 592.886000000]: Updating LinkState: reference_frame is empty/world/map, using inertial frame[0m
[0m[INFO] [1787137272.953314612, 592.986000000]: Updating LinkState: reference_frame is empty/world/map, using inertial frame[0m
[0m[INFO] [1787137272.954481198, 592.988000000]: Updating LinkState: reference_frame is empty/world/map, using inertial frame[0m
[0m[INFO] [1787137273.055243521, 593.088000000]: Updating LinkState: reference_frame is empty/world/map, using inertial frame[0m
[0m[INFO] [1787137273.057637539, 593.090000000]: Updating LinkState: reference_frame is empty/world/map, using inertial frame[0m
[0m[INFO] [1787137273.154479639, 593.186000000]: Updating LinkState: reference_frame is empty/world/map, using inertial frame[0m
[0m[INFO] [1787137273.156744066, 593.188000000]: Updating LinkState: reference_frame is empty/world/map, using inertial frame[0m
[0m[INFO] [1787137273.254572300, 593.286000000]: Updating LinkState: reference_frame is empty/world/map, using inertial frame[0m
[0m[INFO] [1787137273.257126973, 593.288000000]: Updating LinkState: reference_frame is empty/world/map, using inertial frame[0m
[0m[INFO] [1787137273.350969696, 593.382000000]: Updating LinkState: reference_frame is empty/world/map, using inertial frame[0m
[0m[INFO] [1787137273.352109323, 593.384000000]: Updating LinkState: reference_frame is empty/world/map, using inertial frame[0m
[0m[INFO] [1787137273.452802598, 593.484000000]: Updating LinkState: reference_frame is empty/world/map, using inertial frame[0m
[0m[INFO] [1787137273.453938918, 593.486000000]: Updating LinkState: reference_frame is empty/world/map, using inertial frame[0m
[0m[INFO] [1787137273.553915076, 593.586000000]: Updating LinkState: reference_frame is empty/world/map, using inertial frame[0m
[0m[INFO] [1787137273.555128377, 593.586000000]: Updating LinkState: reference_frame is empty/world/map, using inertial frame[0m
[0m[INFO] [1787137273.655986774, 593.686000000]: Updating LinkState: reference_frame is empty/world/map, using inertial frame[0m
[0m[INFO] [1787137273.658222409, 593.688000000]: Updating LinkState: reference_frame is empty/world/map, using inertial frame[0m
[0m[INFO] [1787137273.756822436, 593.784000000]: Updating LinkState: reference_frame is empty/world/map, using inertial frame[0m
[0m[INFO] [1787137273.759123025, 593.788000000]: Updating LinkState: reference_frame is empty/world/map, using inertial frame[0m
[0m[INFO] [1787137273.852450835, 593.880000000]: Updating LinkState: reference_frame is empty/world/map, using inertial frame[0m
[0m[INFO] [1787137273.853633932, 593.882000000]: Updating LinkState: reference_frame is empty/world/map, using inertial frame[0m
[0m[INFO] [1787137277.662468533, 597.674000000]: Updating LinkState: reference_frame is empty/world/map, using inertial frame[0m
[0m[INFO] [1787137277.663727374, 597.676000000]: Updating LinkState: reference_frame is empty/world/map, using inertial frame[0m
[0m[INFO] [1787137277.763492763, 597.776000000]: Updating LinkState: reference_frame is empty/world/map, using inertial frame[0m
[0m[INFO] [1787137277.765287674, 597.776000000]: Updating LinkState: reference_frame is empty/world/map, using inertial frame[0m
[0m[INFO] [1787137277.861249211, 597.872000000]: Updating LinkState: reference_frame is empty/world/map, using inertial frame[0m
[0m[INFO] [1787137277.862318911, 597.874000000]: Updating LinkState: reference_frame is empty/world/map, using inertial frame[0m
[0m[INFO] [1787137277.961114368, 597.972000000]: Updating LinkState: reference_frame is empty/world/map, using inertial frame[0m
[0m[INFO] [1787137277.962114735, 597.974000000]: Updating LinkState: reference_frame is empty/world/map, using inertial frame[0m
[0m[INFO] [1787137278.063403673, 598.074000000]: Updating LinkState: reference_frame is empty/world/map, using inertial frame[0m
[0m[INFO] [1787137278.066053414, 598.078000000]: Updating LinkState: reference_frame is empty/world/map, using inertial frame[0m
[0m[INFO] [1787137278.164561779, 598.174000000]: Updating LinkState: reference_frame is empty/world/map, using inertial frame[0m
[0m[INFO] [1787137278.166978905, 598.176000000]: Updating LinkState: reference_frame is empty/world/map, using inertial frame[0m
[0m[INFO] [1787137278.263920197, 598.272000000]: Updating LinkState: reference_frame is empty/world/map, using inertial frame[0m
[0m[INFO] [1787137278.266358904, 598.274000000]: Updating LinkState: reference_frame is empty/world/map, using inertial frame[0m
[0m[INFO] [1787137278.360110337, 598.368000000]: Updating LinkState: reference_frame is empty/world/map, using inertial frame[0m
[0m[INFO] [1787137278.361219670, 598.370000000]: Updating LinkState: reference_frame is empty/world/map, using inertial frame[0m
[0m[INFO] [1787137278.462054552, 598.470000000]: Updating LinkState: reference_frame is empty/world/map, using inertial frame[0m
[0m[INFO] [1787137278.463160012, 598.472000000]: Updating LinkState: reference_frame is empty/world/map, using inertial frame[0m
[0m[INFO] [1787137278.563795253, 598.572000000]: Updating LinkState: reference_frame is empty/world/map, using inertial frame[0m
[0m[INFO] [1787137278.566266304, 598.574000000]: Updating LinkState: reference_frame is empty/world/map, using inertial frame[0m
[0m[INFO] [1787137278.664334063, 598.670000000]: Updating LinkState: reference_frame is empty/world/map, using inertial frame[0m
[0m[INFO] [1787137278.666913010, 598.672000000]: Updating LinkState: reference_frame is empty/world/map, using inertial frame[0m
[0m[INFO] [1787137278.762115499, 598.768000000]: Updating LinkState: reference_frame is empty/world/map, using inertial frame[0m
[0m[INFO] [1787137278.764329468, 598.770000000]: Updating LinkState: reference_frame is empty/world/map, using inertial frame[0m
[0m[INFO] [1787137278.861109025, 598.866000000]: Updating LinkState: reference_frame is empty/world/map, using inertial frame[0m
[0m[INFO] [1787137278.862169768, 598.868000000]: Updating LinkState: reference_frame is empty/world/map, using inertial frame[0m
[0m[INFO] [1787137278.961128851, 598.966000000]: Updating LinkState: reference_frame is empty/world/map, using inertial frame[0m
[0m[INFO] [1787137278.962158288, 598.968000000]: Updating LinkState: reference_frame is empty/world/map, using inertial frame[0m
[0m[INFO] [1787137279.060853427, 599.066000000]: Updating LinkState: reference_frame is empty/world/map, using inertial frame[0m
[0m[INFO] [1787137279.061971357, 599.068000000]: Updating LinkState: reference_frame is empty/world/map, using inertial frame[0m
[0m[INFO] [1787137279.163017735, 599.168000000]: Updating LinkState: reference_frame is empty/world/map, using inertial frame[0m
[0m[INFO] [1787137279.166394632, 599.172000000]: Updating LinkState: reference_frame is empty/world/map, using inertial frame[0m
[0m[INFO] [1787137279.265124655, 599.268000000]: Updating LinkState: reference_frame is empty/world/map, using inertial frame[0m
[0m[INFO] [1787137279.267565651, 599.270000000]: Updating LinkState: reference_frame is empty/world/map, using inertial frame[0m
[0m[INFO] [1787137279.361781097, 599.364000000]: Updating LinkState: reference_frame is empty/world/map, using inertial frame[0m
[0m[INFO] [1787137279.362968543, 599.366000000]: Updating LinkState: reference_frame is empty/world/map, using inertial frame[0m
[0m[INFO] [1787137279.461439317, 599.464000000]: Updating LinkState: reference_frame is empty/world/map, using inertial frame[0m
[0m[INFO] [1787137279.462605466, 599.466000000]: Updating LinkState: reference_frame is empty/world/map, using inertial frame[0m
[0m[INFO] [1787137279.562939066, 599.566000000]: Updating LinkState: reference_frame is empty/world/map, using inertial frame[0m
[0m[INFO] [1787137279.565362859, 599.568000000]: Updating LinkState: reference_frame is empty/world/map, using inertial frame[0m
[0m[INFO] [1787137279.663513723, 599.666000000]: Updating LinkState: reference_frame is empty/world/map, using inertial frame[0m
[0m[INFO] [1787137279.665170447, 599.666000000]: Updating LinkState: reference_frame is empty/world/map, using inertial frame[0m
[0m[INFO] [1787137279.764810532, 599.764000000]: Updating LinkState: reference_frame is empty/world/map, using inertial frame[0m
[0m[INFO] [1787137279.767526588, 599.766000000]: Updating LinkState: reference_frame is empty/world/map, using inertial frame[0m
[0m[INFO] [1787137279.861801258, 599.860000000]: Updating LinkState: reference_frame is empty/world/map, using inertial frame[0m
[0m[INFO] [1787137279.862914061, 599.862000000]: Updating LinkState: reference_frame is empty/world/map, using inertial frame[0m
[0m[INFO] [1787137279.961872240, 599.960000000]: Updating LinkState: reference_frame is empty/world/map, using inertial frame[0m
[0m[INFO] [1787137279.962979022, 599.962000000]: Updating LinkState: reference_frame is empty/world/map, using inertial frame[0m
[0m[INFO] [1787137280.063800602, 600.062000000]: Updating LinkState: reference_frame is empty/world/map, using inertial frame[0m
[0m[INFO] [1787137280.066573925, 600.066000000]: Updating LinkState: reference_frame is empty/world/map, using inertial frame[0m
[0m[INFO] [1787137280.166816886, 600.162000000]: Updating LinkState: reference_frame is empty/world/map, using inertial frame[0m
[0m[INFO] [1787137280.170483281, 600.166000000]: Updating LinkState: reference_frame is empty/world/map, using inertial frame[0m
[0m[INFO] [1787137280.264191592, 600.258000000]: Updating LinkState: reference_frame is empty/world/map, using inertial frame[0m
[0m[INFO] [1787137280.267181218, 600.262000000]: Updating LinkState: reference_frame is empty/world/map, using inertial frame[0m
[0m[INFO] [1787137280.362420042, 600.356000000]: Updating LinkState: reference_frame is empty/world/map, using inertial frame[0m
[0m[INFO] [1787137280.363598016, 600.358000000]: Updating LinkState: reference_frame is empty/world/map, using inertial frame[0m
[0m[INFO] [1787137280.462413363, 600.456000000]: Updating LinkState: reference_frame is empty/world/map, using inertial frame[0m
[0m[INFO] [1787137280.463566191, 600.458000000]: Updating LinkState: reference_frame is empty/world/map, using inertial frame[0m
[0m[INFO] [1787137280.563648046, 600.558000000]: Updating LinkState: reference_frame is empty/world/map, using inertial frame[0m
[0m[INFO] [1787137280.565877957, 600.560000000]: Updating LinkState: reference_frame is empty/world/map, using inertial frame[0m
[0m[INFO] [1787137280.665309267, 600.656000000]: Updating LinkState: reference_frame is empty/world/map, using inertial frame[0m
[0m[INFO] [1787137280.667889153, 600.658000000]: Updating LinkState: reference_frame is empty/world/map, using inertial frame[0m
[0m[INFO] [1787137280.765807402, 600.752000000]: Updating LinkState: reference_frame is empty/world/map, using inertial frame[0m
[0m[INFO] [1787137280.768187970, 600.754000000]: Updating LinkState: reference_frame is empty/world/map, using inertial frame[0m
[0m[INFO] [1787137280.858794735, 600.846000000]: Updating LinkState: reference_frame is empty/world/map, using inertial frame[0m
[0m[INFO] [1787137280.859837894, 600.848000000]: Updating LinkState: reference_frame is empty/world/map, using inertial frame[0m
[0m[INFO] [1787137280.962011938, 600.950000000]: Updating LinkState: reference_frame is empty/world/map, using inertial frame[0m
[0m[INFO] [1787137280.963105323, 600.952000000]: Updating LinkState: reference_frame is empty/world/map, using inertial frame[0m
[0m[INFO] [1787137281.062643127, 601.052000000]: Updating LinkState: reference_frame is empty/world/map, using inertial frame[0m
[0m[INFO] [1787137281.065360449, 601.054000000]: Updating LinkState: reference_frame is empty/world/map, using inertial frame[0m
[0m[INFO] [1787137281.162682449, 601.152000000]: Updating LinkState: reference_frame is empty/world/map, using inertial frame[0m
[0m[INFO] [1787137281.165231743, 601.154000000]: Updating LinkState: reference_frame is empty/world/map, using inertial frame[0m
[0m[INFO] [1787137281.263874524, 601.252000000]: Updating LinkState: reference_frame is empty/world/map, using inertial frame[0m
[0m[INFO] [1787137281.266370559, 601.254000000]: Updating LinkState: reference_frame is empty/world/map, using inertial frame[0m
[0m[INFO] [1787137281.359881807, 601.348000000]: Updating LinkState: reference_frame is empty/world/map, using inertial frame[0m
[0m[INFO] [1787137281.360841309, 601.350000000]: Updating LinkState: reference_frame is empty/world/map, using inertial frame[0m
[0m[INFO] [1787137281.462499660, 601.450000000]: Updating LinkState: reference_frame is empty/world/map, using inertial frame[0m
[0m[INFO] [1787137281.463667325, 601.452000000]: Updating LinkState: reference_frame is empty/world/map, using inertial frame[0m
[0m[INFO] [1787137281.562887293, 601.552000000]: Updating LinkState: reference_frame is empty/world/map, using inertial frame[0m
[0m[INFO] [1787137281.565429163, 601.554000000]: Updating LinkState: reference_frame is empty/world/map, using inertial frame[0m
[0m[INFO] [1787137281.665541566, 601.652000000]: Updating LinkState: reference_frame is empty/world/map, using inertial frame[0m
[0m[INFO] [1787137281.668434447, 601.656000000]: Updating LinkState: reference_frame is empty/world/map, using inertial frame[0m
[0m[INFO] [1787137281.763406358, 601.750000000]: Updating LinkState: reference_frame is empty/world/map, using inertial frame[0m
[0m[INFO] [1787137281.766046017, 601.752000000]: Updating LinkState: reference_frame is empty/world/map, using inertial frame[0m
[0m[INFO] [1787137281.859990306, 601.846000000]: Updating LinkState: reference_frame is empty/world/map, using inertial frame[0m
[0m[INFO] [1787137281.861118405, 601.848000000]: Updating LinkState: reference_frame is empty/world/map, using inertial frame[0m
[0m[INFO] [1787137281.962147002, 601.948000000]: Updating LinkState: reference_frame is empty/world/map, using inertial frame[0m
[0m[INFO] [1787137281.963146246, 601.950000000]: Updating LinkState: reference_frame is empty/world/map, using inertial frame[0m
[0m[INFO] [1787137282.061978257, 602.048000000]: Updating LinkState: reference_frame is empty/world/map, using inertial frame[0m
[0m[INFO] [1787137282.063017403, 602.050000000]: Updating LinkState: reference_frame is empty/world/map, using inertial frame[0m
[0m[INFO] [1787137282.167407304, 602.152000000]: Updating LinkState: reference_frame is empty/world/map, using inertial frame[0m
[0m[INFO] [1787137282.171142042, 602.154000000]: Updating LinkState: reference_frame is empty/world/map, using inertial frame[0m
[0m[INFO] [1787137282.262568323, 602.246000000]: Updating LinkState: reference_frame is empty/world/map, using inertial frame[0m
[0m[INFO] [1787137282.265140323, 602.248000000]: Updating LinkState: reference_frame is empty/world/map, using inertial frame[0m
[0m[INFO] [1787137282.361244794, 602.344000000]: Updating LinkState: reference_frame is empty/world/map, using inertial frame[0m
[0m[INFO] [1787137282.362372891, 602.346000000]: Updating LinkState: reference_frame is empty/world/map, using inertial frame[0m
[0m[INFO] [1787137282.461074178, 602.444000000]: Updating LinkState: reference_frame is empty/world/map, using inertial frame[0m
[0m[INFO] [1787137282.462250603, 602.446000000]: Updating LinkState: reference_frame is empty/world/map, using inertial frame[0m
[0m[INFO] [1787137282.561504310, 602.544000000]: Updating LinkState: reference_frame is empty/world/map, using inertial frame[0m
[0m[INFO] [1787137282.562702143, 602.546000000]: Updating LinkState: reference_frame is empty/world/map, using inertial frame[0m
[0m[INFO] [1787137282.663838472, 602.646000000]: Updating LinkState: reference_frame is empty/world/map, using inertial frame[0m
[0m[INFO] [1787137282.667500537, 602.650000000]: Updating LinkState: reference_frame is empty/world/map, using inertial frame[0m
[0m[INFO] [1787137282.766219584, 602.746000000]: Updating LinkState: reference_frame is empty/world/map, using inertial frame[0m
[0m[INFO] [1787137282.768737500, 602.748000000]: Updating LinkState: reference_frame is empty/world/map, using inertial frame[0m
[0m[INFO] [1787137282.860307321, 602.840000000]: Updating LinkState: reference_frame is empty/world/map, using inertial frame[0m
[0m[INFO] [1787137282.861299036, 602.842000000]: Updating LinkState: reference_frame is empty/world/map, using inertial frame[0m
[0m[INFO] [1787137282.962442700, 602.942000000]: Updating LinkState: reference_frame is empty/world/map, using inertial frame[0m
[0m[INFO] [1787137282.963445181, 602.944000000]: Updating LinkState: reference_frame is empty/world/map, using inertial frame[0m
[0m[INFO] [1787137283.063194594, 603.044000000]: Updating LinkState: reference_frame is empty/world/map, using inertial frame[0m
[0m[INFO] [1787137283.065057261, 603.046000000]: Updating LinkState: reference_frame is empty/world/map, using inertial frame[0m
[0m[INFO] [1787137283.165439432, 603.144000000]: Updating LinkState: reference_frame is empty/world/map, using inertial frame[0m
[0m[INFO] [1787137283.167947493, 603.146000000]: Updating LinkState: reference_frame is empty/world/map, using inertial frame[0m
[0m[INFO] [1787137283.262601688, 603.238000000]: Updating LinkState: reference_frame is empty/world/map, using inertial frame[0m
[0m[INFO] [1787137283.264692854, 603.242000000]: Updating LinkState: reference_frame is empty/world/map, using inertial frame[0m
[0m[INFO] [1787137283.362319019, 603.338000000]: Updating LinkState: reference_frame is empty/world/map, using inertial frame[0m
[0m[INFO] [1787137283.363435535, 603.340000000]: Updating LinkState: reference_frame is empty/world/map, using inertial frame[0m
[0m[INFO] [1787137283.462148220, 603.438000000]: Updating LinkState: reference_frame is empty/world/map, using inertial frame[0m
[0m[INFO] [1787137283.463284662, 603.440000000]: Updating LinkState: reference_frame is empty/world/map, using inertial frame[0m
[0m[INFO] [1787137283.563595279, 603.540000000]: Updating LinkState: reference_frame is empty/world/map, using inertial frame[0m
[0m[INFO] [1787137283.565891089, 603.542000000]: Updating LinkState: reference_frame is empty/world/map, using inertial frame[0m
[0m[INFO] [1787137283.663895450, 603.638000000]: Updating LinkState: reference_frame is empty/world/map, using inertial frame[0m
[0m[INFO] [1787137283.666040888, 603.640000000]: Updating LinkState: reference_frame is empty/world/map, using inertial frame[0m
[0m[INFO] [1787137283.762609052, 603.736000000]: Updating LinkState: reference_frame is empty/world/map, using inertial frame[0m
[0m[INFO] [1787137283.764611237, 603.738000000]: Updating LinkState: reference_frame is empty/world/map, using inertial frame[0m
[0m[INFO] [1787137283.861963639, 603.834000000]: Updating LinkState: reference_frame is empty/world/map, using inertial frame[0m
[0m[INFO] [1787137283.863179933, 603.836000000]: Updating LinkState: reference_frame is empty/world/map, using inertial frame[0m
[0m[INFO] [1787137283.961667000, 603.934000000]: Updating LinkState: reference_frame is empty/world/map, using inertial frame[0m
[0m[INFO] [1787137283.962683216, 603.936000000]: Updating LinkState: reference_frame is empty/world/map, using inertial frame[0m
[0m[INFO] [1787137284.062184080, 604.034000000]: Updating LinkState: reference_frame is empty/world/map, using inertial frame[0m
[0m[INFO] [1787137284.064316197, 604.038000000]: Updating LinkState: reference_frame is empty/world/map, using inertial frame[0m
[0m[INFO] [1787137284.166756990, 604.136000000]: Updating LinkState: reference_frame is empty/world/map, using inertial frame[0m
[0m[INFO] [1787137284.170402054, 604.140000000]: Updating LinkState: reference_frame is empty/world/map, using inertial frame[0m
[0m[INFO] [1787137284.264809578, 604.232000000]: Updating LinkState: reference_frame is empty/world/map, using inertial frame[0m
[0m[INFO] [1787137284.267367567, 604.236000000]: Updating LinkState: reference_frame is empty/world/map, using inertial frame[0m
[0m[INFO] [1787137284.363395922, 604.330000000]: Updating LinkState: reference_frame is empty/world/map, using inertial frame[0m
[0m[INFO] [1787137284.365009492, 604.332000000]: Updating LinkState: reference_frame is empty/world/map, using inertial frame[0m
[0m[INFO] [1787137284.461192512, 604.428000000]: Updating LinkState: reference_frame is empty/world/map, using inertial frame[0m
[0m[INFO] [1787137284.462275375, 604.430000000]: Updating LinkState: reference_frame is empty/world/map, using inertial frame[0m
[0m[INFO] [1787137284.561165266, 604.528000000]: Updating LinkState: reference_frame is empty/world/map, using inertial frame[0m
[0m[INFO] [1787137284.562400537, 604.530000000]: Updating LinkState: reference_frame is empty/world/map, using inertial frame[0m
[0m[INFO] [1787137284.661469660, 604.628000000]: Updating LinkState: reference_frame is empty/world/map, using inertial frame[0m
[0m[INFO] [1787137284.663273123, 604.630000000]: Updating LinkState: reference_frame is empty/world/map, using inertial frame[0m
[0m[INFO] [1787137284.764468810, 604.730000000]: Updating LinkState: reference_frame is empty/world/map, using inertial frame[0m
[0m[INFO] [1787137284.767846568, 604.734000000]: Updating LinkState: reference_frame is empty/world/map, using inertial frame[0m
[0m[INFO] [1787137284.860188521, 604.826000000]: Updating LinkState: reference_frame is empty/world/map, using inertial frame[0m
[0m[INFO] [1787137284.861120565, 604.828000000]: Updating LinkState: reference_frame is empty/world/map, using inertial frame[0m
[0m[INFO] [1787137284.961821005, 604.928000000]: Updating LinkState: reference_frame is empty/world/map, using inertial frame[0m
[0m[INFO] [1787137284.963077377, 604.930000000]: Updating LinkState: reference_frame is empty/world/map, using inertial frame[0m
[0m[INFO] [1787137285.061626291, 605.028000000]: Updating LinkState: reference_frame is empty/world/map, using inertial frame[0m
[0m[INFO] [1787137285.062777650, 605.030000000]: Updating LinkState: reference_frame is empty/world/map, using inertial frame[0m
[0m[INFO] [1787137285.164995183, 605.130000000]: Updating LinkState: reference_frame is empty/world/map, using inertial frame[0m
[0m[INFO] [1787137285.167717706, 605.134000000]: Updating LinkState: reference_frame is empty/world/map, using inertial frame[0m
[0m[INFO] [1787137285.262283477, 605.228000000]: Updating LinkState: reference_frame is empty/world/map, using inertial frame[0m
[0m[INFO] [1787137285.264298140, 605.230000000]: Updating LinkState: reference_frame is empty/world/map, using inertial frame[0m
[0m[INFO] [1787137285.361469665, 605.326000000]: Updating LinkState: reference_frame is empty/world/map, using inertial frame[0m
[0m[INFO] [1787137285.362525882, 605.328000000]: Updating LinkState: reference_frame is empty/world/map, using inertial frame[0m
[0m[INFO] [1787137285.461479074, 605.426000000]: Updating LinkState: reference_frame is empty/world/map, using inertial frame[0m
[0m[INFO] [1787137285.462485045, 605.428000000]: Updating LinkState: reference_frame is empty/world/map, using inertial frame[0m
[0m[INFO] [1787137285.561576185, 605.526000000]: Updating LinkState: reference_frame is empty/world/map, using inertial frame[0m
[0m[INFO] [1787137285.562815780, 605.528000000]: Updating LinkState: reference_frame is empty/world/map, using inertial frame[0m
[0m[INFO] [1787137285.664473929, 605.628000000]: Updating LinkState: reference_frame is empty/world/map, using inertial frame[0m
[0m[INFO] [1787137285.666968879, 605.630000000]: Updating LinkState: reference_frame is empty/world/map, using inertial frame[0m
[0m[INFO] [1787137285.762924354, 605.726000000]: Updating LinkState: reference_frame is empty/world/map, using inertial frame[0m
[0m[INFO] [1787137285.766874237, 605.730000000]: Updating LinkState: reference_frame is empty/world/map, using inertial frame[0m
[0m[INFO] [1787137285.861593313, 605.824000000]: Updating LinkState: reference_frame is empty/world/map, using inertial frame[0m
[0m[INFO] [1787137285.862675272, 605.826000000]: Updating LinkState: reference_frame is empty/world/map, using inertial frame[0m
[0m[INFO] [1787137285.961411541, 605.924000000]: Updating LinkState: reference_frame is empty/world/map, using inertial frame[0m
[0m[INFO] [1787137285.962588360, 605.926000000]: Updating LinkState: reference_frame is empty/world/map, using inertial frame[0m
[0m[INFO] [1787137286.061502651, 606.024000000]: Updating LinkState: reference_frame is empty/world/map, using inertial frame[0m
[0m[INFO] [1787137286.063083556, 606.026000000]: Updating LinkState: reference_frame is empty/world/map, using inertial frame[0m
[0m[INFO] [1787137286.163761823, 606.126000000]: Updating LinkState: reference_frame is empty/world/map, using inertial frame[0m
[0m[INFO] [1787137286.167443492, 606.128000000]: Updating LinkState: reference_frame is empty/world/map, using inertial frame[0m
[0m[INFO] [1787137286.265032434, 606.226000000]: Updating LinkState: reference_frame is empty/world/map, using inertial frame[0m
[0m[INFO] [1787137286.271500756, 606.228000000]: Updating LinkState: reference_frame is empty/world/map, using inertial frame[0m
[0m[INFO] [1787137286.362370588, 606.318000000]: Updating LinkState: reference_frame is empty/world/map, using inertial frame[0m
[0m[INFO] [1787137286.363618647, 606.320000000]: Updating LinkState: reference_frame is empty/world/map, using inertial frame[0m
[0m[INFO] [1787137286.462227708, 606.418000000]: Updating LinkState: reference_frame is empty/world/map, using inertial frame[0m
[0m[INFO] [1787137286.463339233, 606.420000000]: Updating LinkState: reference_frame is empty/world/map, using inertial frame[0m
[0m[INFO] [1787137286.562160117, 606.518000000]: Updating LinkState: reference_frame is empty/world/map, using inertial frame[0m
[0m[INFO] [1787137286.563464746, 606.520000000]: Updating LinkState: reference_frame is empty/world/map, using inertial frame[0m
[0m[INFO] [1787137286.664636787, 606.620000000]: Updating LinkState: reference_frame is empty/world/map, using inertial frame[0m
[0m[INFO] [1787137286.668320831, 606.624000000]: Updating LinkState: reference_frame is empty/world/map, using inertial frame[0m
[0m[INFO] [1787137286.762905906, 606.714000000]: Updating LinkState: reference_frame is empty/world/map, using inertial frame[0m
[0m[INFO] [1787137286.764270070, 606.714000000]: Updating LinkState: reference_frame is empty/world/map, using inertial frame[0m
[0m[INFO] [1787137286.863452427, 606.814000000]: Updating LinkState: reference_frame is empty/world/map, using inertial frame[0m
[0m[INFO] [1787137286.864651353, 606.814000000]: Updating LinkState: reference_frame is empty/world/map, using inertial frame[0m
[0m[INFO] [1787137286.960575661, 606.910000000]: Updating LinkState: reference_frame is empty/world/map, using inertial frame[0m
[0m[INFO] [1787137286.961862392, 606.912000000]: Updating LinkState: reference_frame is empty/world/map, using inertial frame[0m
[0m[INFO] [1787137287.060646813, 607.010000000]: Updating LinkState: reference_frame is empty/world/map, using inertial frame[0m
[0m[INFO] [1787137287.061943217, 607.012000000]: Updating LinkState: reference_frame is empty/world/map, using inertial frame[0m
[0m[INFO] [1787137287.160583617, 607.110000000]: Updating LinkState: reference_frame is empty/world/map, using inertial frame[0m
[0m[INFO] [1787137287.161631727, 607.112000000]: Updating LinkState: reference_frame is empty/world/map, using inertial frame[0m
[0m[INFO] [1787137287.265724280, 607.214000000]: Updating LinkState: reference_frame is empty/world/map, using inertial frame[0m
[0m[INFO] [1787137287.268823203, 607.218000000]: Updating LinkState: reference_frame is empty/world/map, using inertial frame[0m
[0m[INFO] [1787137287.362396592, 607.310000000]: Updating LinkState: reference_frame is empty/world/map, using inertial frame[0m
[0m[INFO] [1787137287.363552240, 607.312000000]: Updating LinkState: reference_frame is empty/world/map, using inertial frame[0m
[0m[INFO] [1787137287.462210675, 607.410000000]: Updating LinkState: reference_frame is empty/world/map, using inertial frame[0m
[0m[INFO] [1787137287.463636744, 607.412000000]: Updating LinkState: reference_frame is empty/world/map, using inertial frame[0m
[0m[INFO] [1787137287.562585524, 607.510000000]: Updating LinkState: reference_frame is empty/world/map, using inertial frame[0m
[0m[INFO] [1787137287.563811302, 607.512000000]: Updating LinkState: reference_frame is empty/world/map, using inertial frame[0m
[0m[INFO] [1787137287.664223532, 607.612000000]: Updating LinkState: reference_frame is empty/world/map, using inertial frame[0m
[0m[INFO] [1787137287.667196911, 607.616000000]: Updating LinkState: reference_frame is empty/world/map, using inertial frame[0m
[0m[INFO] [1787137287.764388970, 607.712000000]: Updating LinkState: reference_frame is empty/world/map, using inertial frame[0m
[0m[INFO] [1787137287.767767949, 607.714000000]: Updating LinkState: reference_frame is empty/world/map, using inertial frame[0m
[0m[INFO] [1787137287.860018339, 607.806000000]: Updating LinkState: reference_frame is empty/world/map, using inertial frame[0m
[0m[INFO] [1787137287.861105997, 607.808000000]: Updating LinkState: reference_frame is empty/world/map, using inertial frame[0m
[0m[INFO] [1787137287.961782270, 607.908000000]: Updating LinkState: reference_frame is empty/world/map, using inertial frame[0m
[0m[INFO] [1787137287.962908069, 607.910000000]: Updating LinkState: reference_frame is empty/world/map, using inertial frame[0m
[0m[INFO] [1787137288.061934048, 608.008000000]: Updating LinkState: reference_frame is empty/world/map, using inertial frame[0m
[0m[INFO] [1787137288.063113431, 608.010000000]: Updating LinkState: reference_frame is empty/world/map, using inertial frame[0m
[0m[INFO] [1787137288.162369106, 608.108000000]: Updating LinkState: reference_frame is empty/world/map, using inertial frame[0m
[0m[INFO] [1787137288.163823795, 608.110000000]: Updating LinkState: reference_frame is empty/world/map, using inertial frame[0m
[0m[INFO] [1787137288.263904772, 608.208000000]: Updating LinkState: reference_frame is empty/world/map, using inertial frame[0m
[0m[INFO] [1787137288.267777172, 608.212000000]: Updating LinkState: reference_frame is empty/world/map, using inertial frame[0m
[0m[INFO] [1787137288.362170781, 608.306000000]: Updating LinkState: reference_frame is empty/world/map, using inertial frame[0m
[0m[INFO] [1787137288.364215943, 608.308000000]: Updating LinkState: reference_frame is empty/world/map, using inertial frame[0m
[0m[INFO] [1787137288.461217586, 608.404000000]: Updating LinkState: reference_frame is empty/world/map, using inertial frame[0m
[0m[INFO] [1787137288.462404027, 608.406000000]: Updating LinkState: reference_frame is empty/world/map, using inertial frame[0m
[0m[INFO] [1787137288.561363089, 608.504000000]: Updating LinkState: reference_frame is empty/world/map, using inertial frame[0m
[0m[INFO] [1787137288.562543452, 608.506000000]: Updating LinkState: reference_frame is empty/world/map, using inertial frame[0m
[0m[INFO] [1787137288.661442245, 608.604000000]: Updating LinkState: reference_frame is empty/world/map, using inertial frame[0m
[0m[INFO] [1787137288.662775212, 608.606000000]: Updating LinkState: reference_frame is empty/world/map, using inertial frame[0m
[0m[INFO] [1787137288.763431652, 608.706000000]: Updating LinkState: reference_frame is empty/world/map, using inertial frame[0m
[0m[INFO] [1787137288.765957351, 608.708000000]: Updating LinkState: reference_frame is empty/world/map, using inertial frame[0m
[0m[INFO] [1787137288.860886905, 608.804000000]: Updating LinkState: reference_frame is empty/world/map, using inertial frame[0m
[0m[INFO] [1787137288.862905300, 608.806000000]: Updating LinkState: reference_frame is empty/world/map, using inertial frame[0m
[0m[INFO] [1787137288.962468719, 608.904000000]: Updating LinkState: reference_frame is empty/world/map, using inertial frame[0m
[0m[INFO] [1787137288.963515449, 608.906000000]: Updating LinkState: reference_frame is empty/world/map, using inertial frame[0m
[0m[INFO] [1787137289.062248175, 609.004000000]: Updating LinkState: reference_frame is empty/world/map, using inertial frame[0m
[0m[INFO] [1787137289.063265775, 609.006000000]: Updating LinkState: reference_frame is empty/world/map, using inertial frame[0m
[0m[INFO] [1787137289.163603651, 609.106000000]: Updating LinkState: reference_frame is empty/world/map, using inertial frame[0m
[0m[INFO] [1787137289.165468721, 609.108000000]: Updating LinkState: reference_frame is empty/world/map, using inertial frame[0m
[0m[INFO] [1787137289.264581392, 609.206000000]: Updating LinkState: reference_frame is empty/world/map, using inertial frame[0m
[0m[INFO] [1787137289.267415055, 609.208000000]: Updating LinkState: reference_frame is empty/world/map, using inertial frame[0m
[0m[INFO] [1787137289.362586560, 609.302000000]: Updating LinkState: reference_frame is empty/world/map, using inertial frame[0m
[0m[INFO] [1787137289.363677926, 609.304000000]: Updating LinkState: reference_frame is empty/world/map, using inertial frame[0m
[0m[INFO] [1787137289.462549492, 609.402000000]: Updating LinkState: reference_frame is empty/world/map, using inertial frame[0m
[0m[INFO] [1787137289.463555499, 609.404000000]: Updating LinkState: reference_frame is empty/world/map, using inertial frame[0m
[0m[INFO] [1787137289.562177219, 609.502000000]: Updating LinkState: reference_frame is empty/world/map, using inertial frame[0m
[0m[INFO] [1787137289.563333897, 609.504000000]: Updating LinkState: reference_frame is empty/world/map, using inertial frame[0m
[0m[INFO] [1787137289.664642587, 609.604000000]: Updating LinkState: reference_frame is empty/world/map, using inertial frame[0m
[0m[INFO] [1787137289.667440837, 609.608000000]: Updating LinkState: reference_frame is empty/world/map, using inertial frame[0m
[0m[INFO] [1787137289.771225033, 609.702000000]: Updating LinkState: reference_frame is empty/world/map, using inertial frame[0m
[0m[INFO] [1787137289.772345233, 609.704000000]: Updating LinkState: reference_frame is empty/world/map, using inertial frame[0m
[0m[INFO] [1787137289.863460348, 609.794000000]: Updating LinkState: reference_frame is empty/world/map, using inertial frame[0m
[0m[INFO] [1787137289.865710933, 609.796000000]: Updating LinkState: reference_frame is empty/world/map, using inertial frame[0m
[0m[INFO] [1787137289.962062180, 609.892000000]: Updating LinkState: reference_frame is empty/world/map, using inertial frame[0m
[0m[INFO] [1787137289.963306519, 609.894000000]: Updating LinkState: reference_frame is empty/world/map, using inertial frame[0m
[0m[INFO] [1787137290.061816672, 609.992000000]: Updating LinkState: reference_frame is empty/world/map, using inertial frame[0m
[0m[INFO] [1787137290.062903692, 609.994000000]: Updating LinkState: reference_frame is empty/world/map, using inertial frame[0m
[0m[INFO] [1787137290.161802648, 610.092000000]: Updating LinkState: reference_frame is empty/world/map, using inertial frame[0m
[0m[INFO] [1787137290.163188236, 610.094000000]: Updating LinkState: reference_frame is empty/world/map, using inertial frame[0m
[0m[INFO] [1787137290.265511944, 610.194000000]: Updating LinkState: reference_frame is empty/world/map, using inertial frame[0m
[0m[INFO] [1787137290.268338529, 610.196000000]: Updating LinkState: reference_frame is empty/world/map, using inertial frame[0m
[0m[INFO] [1787137290.362577035, 610.290000000]: Updating LinkState: reference_frame is empty/world/map, using inertial frame[0m
[0m[INFO] [1787137290.364723794, 610.292000000]: Updating LinkState: reference_frame is empty/world/map, using inertial frame[0m
[0m[INFO] [1787137290.460731358, 610.388000000]: Updating LinkState: reference_frame is empty/world/map, using inertial frame[0m
[0m[INFO] [1787137290.461818497, 610.390000000]: Updating LinkState: reference_frame is empty/world/map, using inertial frame[0m
[0m[INFO] [1787137290.562695246, 610.490000000]: Updating LinkState: reference_frame is empty/world/map, using inertial frame[0m
[0m[INFO] [1787137290.563857797, 610.492000000]: Updating LinkState: reference_frame is empty/world/map, using inertial frame[0m
[0m[INFO] [1787137290.662809563, 610.590000000]: Updating LinkState: reference_frame is empty/world/map, using inertial frame[0m
[0m[INFO] [1787137290.663973890, 610.592000000]: Updating LinkState: reference_frame is empty/world/map, using inertial frame[0m
[0m[INFO] [1787137290.760549152, 610.688000000]: Updating LinkState: reference_frame is empty/world/map, using inertial frame[0m
[0m[INFO] [1787137290.761510888, 610.690000000]: Updating LinkState: reference_frame is empty/world/map, using inertial frame[0m
[0m[INFO] [1787137290.863038927, 610.790000000]: Updating LinkState: reference_frame is empty/world/map, using inertial frame[0m
[0m[INFO] [1787137290.864342693, 610.792000000]: Updating LinkState: reference_frame is empty/world/map, using inertial frame[0m
[0m[INFO] [1787137290.960897612, 610.888000000]: Updating LinkState: reference_frame is empty/world/map, using inertial frame[0m
[0m[INFO] [1787137290.962012501, 610.890000000]: Updating LinkState: reference_frame is empty/world/map, using inertial frame[0m
[0m[INFO] [1787137291.060854796, 610.988000000]: Updating LinkState: reference_frame is empty/world/map, using inertial frame[0m
[0m[INFO] [1787137291.061938755, 610.990000000]: Updating LinkState: reference_frame is empty/world/map, using inertial frame[0m
[0m[INFO] [1787137291.162663157, 611.090000000]: Updating LinkState: reference_frame is empty/world/map, using inertial frame[0m
[0m[INFO] [1787137291.165559532, 611.092000000]: Updating LinkState: reference_frame is empty/world/map, using inertial frame[0m
[0m[INFO] [1787137291.266408829, 611.190000000]: Updating LinkState: reference_frame is empty/world/map, using inertial frame[0m
[0m[INFO] [1787137291.269439894, 611.194000000]: Updating LinkState: reference_frame is empty/world/map, using inertial frame[0m
[0m[INFO] [1787137291.366898421, 611.288000000]: Updating LinkState: reference_frame is empty/world/map, using inertial frame[0m
[0m[INFO] [1787137291.370403064, 611.292000000]: Updating LinkState: reference_frame is empty/world/map, using inertial frame[0m
[0m[INFO] [1787137291.460685428, 611.382000000]: Updating LinkState: reference_frame is empty/world/map, using inertial frame[0m
[0m[INFO] [1787137291.461930982, 611.384000000]: Updating LinkState: reference_frame is empty/world/map, using inertial frame[0m
[0m[INFO] [1787137291.560609627, 611.482000000]: Updating LinkState: reference_frame is empty/world/map, using inertial frame[0m
[0m[INFO] [1787137291.561590615, 611.484000000]: Updating LinkState: reference_frame is empty/world/map, using inertial frame[0m
[0m[INFO] [1787137291.664181464, 611.586000000]: Updating LinkState: reference_frame is empty/world/map, using inertial frame[0m
[0m[INFO] [1787137291.666405921, 611.588000000]: Updating LinkState: reference_frame is empty/world/map, using inertial frame[0m
[0m[INFO] [1787137291.763977594, 611.684000000]: Updating LinkState: reference_frame is empty/world/map, using inertial frame[0m
[0m[INFO] [1787137291.766311706, 611.686000000]: Updating LinkState: reference_frame is empty/world/map, using inertial frame[0m
[0m[INFO] [1787137291.862562835, 611.782000000]: Updating LinkState: reference_frame is empty/world/map, using inertial frame[0m
[0m[INFO] [1787137291.865236851, 611.784000000]: Updating LinkState: reference_frame is empty/world/map, using inertial frame[0m
[0m[INFO] [1787137291.961459315, 611.880000000]: Updating LinkState: reference_frame is empty/world/map, using inertial frame[0m
[0m[INFO] [1787137291.962546152, 611.882000000]: Updating LinkState: reference_frame is empty/world/map, using inertial frame[0m
[0m[INFO] [1787137292.061250125, 611.980000000]: Updating LinkState: reference_frame is empty/world/map, using inertial frame[0m
[0m[INFO] [1787137292.062366133, 611.982000000]: Updating LinkState: reference_frame is empty/world/map, using inertial frame[0m
[0m[INFO] [1787137292.163285688, 612.082000000]: Updating LinkState: reference_frame is empty/world/map, using inertial frame[0m
[0m[INFO] [1787137292.166522889, 612.086000000]: Updating LinkState: reference_frame is empty/world/map, using inertial frame[0m
[0m[INFO] [1787137292.265084096, 612.182000000]: Updating LinkState: reference_frame is empty/world/map, using inertial frame[0m
[0m[INFO] [1787137292.267432425, 612.186000000]: Updating LinkState: reference_frame is empty/world/map, using inertial frame[0m
[0m[INFO] [1787137292.361808046, 612.280000000]: Updating LinkState: reference_frame is empty/world/map, using inertial frame[0m
[0m[INFO] [1787137292.363926119, 612.282000000]: Updating LinkState: reference_frame is empty/world/map, using inertial frame[0m
[0m[INFO] [1787137292.460935241, 612.378000000]: Updating LinkState: reference_frame is empty/world/map, using inertial frame[0m
[0m[INFO] [1787137292.461915033, 612.380000000]: Updating LinkState: reference_frame is empty/world/map, using inertial frame[0m
[0m[INFO] [1787137292.560801087, 612.478000000]: Updating LinkState: reference_frame is empty/world/map, using inertial frame[0m
[0m[INFO] [1787137292.561918784, 612.480000000]: Updating LinkState: reference_frame is empty/world/map, using inertial frame[0m
[0m[INFO] [1787137292.663334088, 612.580000000]: Updating LinkState: reference_frame is empty/world/map, using inertial frame[0m
[0m[INFO] [1787137292.665719801, 612.584000000]: Updating LinkState: reference_frame is empty/world/map, using inertial frame[0m
[0m[INFO] [1787137292.761074659, 612.678000000]: Updating LinkState: reference_frame is empty/world/map, using inertial frame[0m
[0m[INFO] [1787137292.762598065, 612.680000000]: Updating LinkState: reference_frame is empty/world/map, using inertial frame[0m
[0m[INFO] [1787137292.862105341, 612.780000000]: Updating LinkState: reference_frame is empty/world/map, using inertial frame[0m
[0m[INFO] [1787137292.864169541, 612.782000000]: Updating LinkState: reference_frame is empty/world/map, using inertial frame[0m
[0m[INFO] [1787137292.960688144, 612.878000000]: Updating LinkState: reference_frame is empty/world/map, using inertial frame[0m
[0m[INFO] [1787137292.961492345, 612.880000000]: Updating LinkState: reference_frame is empty/world/map, using inertial frame[0m
[0m[INFO] [1787137293.062922901, 612.980000000]: Updating LinkState: reference_frame is empty/world/map, using inertial frame[0m
[0m[INFO] [1787137293.064069800, 612.982000000]: Updating LinkState: reference_frame is empty/world/map, using inertial frame[0m
[0m[INFO] [1787137293.163636916, 613.080000000]: Updating LinkState: reference_frame is empty/world/map, using inertial frame[0m
[0m[INFO] [1787137293.167026688, 613.084000000]: Updating LinkState: reference_frame is empty/world/map, using inertial frame[0m
[0m[INFO] [1787137293.263160711, 613.180000000]: Updating LinkState: reference_frame is empty/world/map, using inertial frame[0m
[0m[INFO] [1787137293.265793943, 613.182000000]: Updating LinkState: reference_frame is empty/world/map, using inertial frame[0m
[0m[INFO] [1787137293.366099236, 613.278000000]: Updating LinkState: reference_frame is empty/world/map, using inertial frame[0m
[0m[INFO] [1787137293.368550904, 613.282000000]: Updating LinkState: reference_frame is empty/world/map, using inertial frame[0m
[0m[INFO] [1787137293.461657780, 613.374000000]: Updating LinkState: reference_frame is empty/world/map, using inertial frame[0m
[0m[INFO] [1787137293.462593531, 613.376000000]: Updating LinkState: reference_frame is empty/world/map, using inertial frame[0m
[0m[INFO] [1787137293.561955227, 613.474000000]: Updating LinkState: reference_frame is empty/world/map, using inertial frame[0m
[0m[INFO] [1787137293.563187307, 613.476000000]: Updating LinkState: reference_frame is empty/world/map, using inertial frame[0m
[0m[INFO] [1787137293.664717027, 613.578000000]: Updating LinkState: reference_frame is empty/world/map, using inertial frame[0m
[0m[INFO] [1787137293.668544256, 613.582000000]: Updating LinkState: reference_frame is empty/world/map, using inertial frame[0m
[0m[INFO] [1787137293.764462059, 613.678000000]: Updating LinkState: reference_frame is empty/world/map, using inertial frame[0m
[0m[INFO] [1787137293.768675150, 613.682000000]: Updating LinkState: reference_frame is empty/world/map, using inertial frame[0m
[0m[INFO] [1787137293.866191196, 613.776000000]: Updating LinkState: reference_frame is empty/world/map, using inertial frame[0m
[0m[INFO] [1787137293.868735900, 613.778000000]: Updating LinkState: reference_frame is empty/world/map, using inertial frame[0m
[0m[INFO] [1787137293.960462173, 613.870000000]: Updating LinkState: reference_frame is empty/world/map, using inertial frame[0m
[0m[INFO] [1787137293.961490963, 613.872000000]: Updating LinkState: reference_frame is empty/world/map, using inertial frame[0m
[0m[INFO] [1787137294.062355230, 613.972000000]: Updating LinkState: reference_frame is empty/world/map, using inertial frame[0m
[0m[INFO] [1787137294.063440382, 613.974000000]: Updating LinkState: reference_frame is empty/world/map, using inertial frame[0m
[0m[INFO] [1787137294.163681543, 614.074000000]: Updating LinkState: reference_frame is empty/world/map, using inertial frame[0m
[0m[INFO] [1787137294.165838969, 614.076000000]: Updating LinkState: reference_frame is empty/world/map, using inertial frame[0m
[0m[INFO] [1787137294.261907754, 614.172000000]: Updating LinkState: reference_frame is empty/world/map, using inertial frame[0m
[0m[INFO] [1787137294.263997376, 614.174000000]: Updating LinkState: reference_frame is empty/world/map, using inertial frame[0m
[0m[INFO] [1787137294.362962047, 614.272000000]: Updating LinkState: reference_frame is empty/world/map, using inertial frame[0m
[0m[INFO] [1787137294.365444481, 614.274000000]: Updating LinkState: reference_frame is empty/world/map, using inertial frame[0m
[0m[INFO] [1787137294.461299700, 614.370000000]: Updating LinkState: reference_frame is empty/world/map, using inertial frame[0m
[0m[INFO] [1787137294.462532316, 614.372000000]: Updating LinkState: reference_frame is empty/world/map, using inertial frame[0m
[0m[INFO] [1787137294.561559263, 614.470000000]: Updating LinkState: reference_frame is empty/world/map, using inertial frame[0m
[0m[INFO] [1787137294.562778206, 614.472000000]: Updating LinkState: reference_frame is empty/world/map, using inertial frame[0m
[0m[INFO] [1787137294.661487527, 614.570000000]: Updating LinkState: reference_frame is empty/world/map, using inertial frame[0m
[0m[INFO] [1787137294.662712274, 614.572000000]: Updating LinkState: reference_frame is empty/world/map, using inertial frame[0m
[0m[INFO] [1787137294.763465679, 614.670000000]: Updating LinkState: reference_frame is empty/world/map, using inertial frame[0m
[0m[INFO] [1787137294.765498522, 614.672000000]: Updating LinkState: reference_frame is empty/world/map, using inertial frame[0m
[0m[INFO] [1787137294.861598192, 614.768000000]: Updating LinkState: reference_frame is empty/world/map, using inertial frame[0m
[0m[INFO] [1787137294.862837522, 614.770000000]: Updating LinkState: reference_frame is empty/world/map, using inertial frame[0m
[0m[INFO] [1787137294.961383855, 614.868000000]: Updating LinkState: reference_frame is empty/world/map, using inertial frame[0m
[0m[INFO] [1787137294.962501084, 614.870000000]: Updating LinkState: reference_frame is empty/world/map, using inertial frame[0m
[0m[INFO] [1787137295.061451018, 614.968000000]: Updating LinkState: reference_frame is empty/world/map, using inertial frame[0m
[0m[INFO] [1787137295.062424148, 614.970000000]: Updating LinkState: reference_frame is empty/world/map, using inertial frame[0m
[0m[INFO] [1787137295.163023291, 615.070000000]: Updating LinkState: reference_frame is empty/world/map, using inertial frame[0m
[0m[INFO] [1787137295.165909504, 615.072000000]: Updating LinkState: reference_frame is empty/world/map, using inertial frame[0m
[0m[INFO] [1787137295.260797259, 615.168000000]: Updating LinkState: reference_frame is empty/world/map, using inertial frame[0m
[0m[INFO] [1787137295.262261890, 615.168000000]: Updating LinkState: reference_frame is empty/world/map, using inertial frame[0m
[0m[INFO] [1787137295.362157512, 615.268000000]: Updating LinkState: reference_frame is empty/world/map, using inertial frame[0m
[0m[INFO] [1787137295.364686796, 615.272000000]: Updating LinkState: reference_frame is empty/world/map, using inertial frame[0m
[0m[INFO] [1787137295.462041163, 615.368000000]: Updating LinkState: reference_frame is empty/world/map, using inertial frame[0m
[0m[INFO] [1787137295.463297839, 615.370000000]: Updating LinkState: reference_frame is empty/world/map, using inertial frame[0m
[0m[INFO] [1787137295.561922343, 615.468000000]: Updating LinkState: reference_frame is empty/world/map, using inertial frame[0m
[0m[INFO] [1787137295.562960612, 615.470000000]: Updating LinkState: reference_frame is empty/world/map, using inertial frame[0m
[0m[INFO] [1787137295.664141664, 615.570000000]: Updating LinkState: reference_frame is empty/world/map, using inertial frame[0m
[0m[INFO] [1787137295.666560190, 615.572000000]: Updating LinkState: reference_frame is empty/world/map, using inertial frame[0m
[0m[INFO] [1787137295.762376272, 615.668000000]: Updating LinkState: reference_frame is empty/world/map, using inertial frame[0m
[0m[INFO] [1787137295.764808893, 615.670000000]: Updating LinkState: reference_frame is empty/world/map, using inertial frame[0m
[0m[INFO] [1787137295.864456473, 615.768000000]: Updating LinkState: reference_frame is empty/world/map, using inertial frame[0m
[0m[INFO] [1787137295.866947276, 615.770000000]: Updating LinkState: reference_frame is empty/world/map, using inertial frame[0m
[0m[INFO] [1787137295.960614872, 615.864000000]: Updating LinkState: reference_frame is empty/world/map, using inertial frame[0m
[0m[INFO] [1787137295.961731765, 615.866000000]: Updating LinkState: reference_frame is empty/world/map, using inertial frame[0m
[0m[INFO] [1787137296.062880125, 615.966000000]: Updating LinkState: reference_frame is empty/world/map, using inertial frame[0m
[0m[INFO] [1787137296.064127443, 615.968000000]: Updating LinkState: reference_frame is empty/world/map, using inertial frame[0m
[0m[INFO] [1787137296.162504922, 616.066000000]: Updating LinkState: reference_frame is empty/world/map, using inertial frame[0m
[0m[INFO] [1787137296.165127925, 616.068000000]: Updating LinkState: reference_frame is empty/world/map, using inertial frame[0m
[0m[INFO] [1787137296.262997416, 616.166000000]: Updating LinkState: reference_frame is empty/world/map, using inertial frame[0m
[0m[INFO] [1787137296.265789619, 616.170000000]: Updating LinkState: reference_frame is empty/world/map, using inertial frame[0m
[0m[INFO] [1787137296.365469601, 616.266000000]: Updating LinkState: reference_frame is empty/world/map, using inertial frame[0m
[0m[INFO] [1787137296.367644007, 616.268000000]: Updating LinkState: reference_frame is empty/world/map, using inertial frame[0m
[0m[INFO] [1787137296.462173367, 616.362000000]: Updating LinkState: reference_frame is empty/world/map, using inertial frame[0m
[0m[INFO] [1787137296.463263008, 616.364000000]: Updating LinkState: reference_frame is empty/world/map, using inertial frame[0m
[0m[INFO] [1787137296.562254849, 616.462000000]: Updating LinkState: reference_frame is empty/world/map, using inertial frame[0m
[0m[INFO] [1787137296.563281408, 616.464000000]: Updating LinkState: reference_frame is empty/world/map, using inertial frame[0m
[0m[INFO] [1787137296.664095271, 616.564000000]: Updating LinkState: reference_frame is empty/world/map, using inertial frame[0m
[0m[INFO] [1787137296.666535984, 616.566000000]: Updating LinkState: reference_frame is empty/world/map, using inertial frame[0m
[0m[INFO] [1787137296.763146056, 616.662000000]: Updating LinkState: reference_frame is empty/world/map, using inertial frame[0m
[0m[INFO] [1787137296.765565355, 616.664000000]: Updating LinkState: reference_frame is empty/world/map, using inertial frame[0m
[0m[INFO] [1787137296.862645756, 616.762000000]: Updating LinkState: reference_frame is empty/world/map, using inertial frame[0m
[0m[INFO] [1787137296.865410542, 616.764000000]: Updating LinkState: reference_frame is empty/world/map, using inertial frame[0m
[0m[INFO] [1787137296.961608178, 616.860000000]: Updating LinkState: reference_frame is empty/world/map, using inertial frame[0m
[0m[INFO] [1787137296.962931352, 616.862000000]: Updating LinkState: reference_frame is empty/world/map, using inertial frame[0m
[0m[INFO] [1787137297.061553795, 616.960000000]: Updating LinkState: reference_frame is empty/world/map, using inertial frame[0m
[0m[INFO] [1787137297.062759882, 616.962000000]: Updating LinkState: reference_frame is empty/world/map, using inertial frame[0m
[0m[INFO] [1787137297.163237338, 617.062000000]: Updating LinkState: reference_frame is empty/world/map, using inertial frame[0m
[0m[INFO] [1787137297.165535480, 617.064000000]: Updating LinkState: reference_frame is empty/world/map, using inertial frame[0m
[0m[INFO] [1787137297.261471649, 617.160000000]: Updating LinkState: reference_frame is empty/world/map, using inertial frame[0m
[0m[INFO] [1787137297.262698043, 617.162000000]: Updating LinkState: reference_frame is empty/world/map, using inertial frame[0m
[0m[INFO] [1787137297.362878458, 617.262000000]: Updating LinkState: reference_frame is empty/world/map, using inertial frame[0m
[0m[INFO] [1787137297.365282172, 617.264000000]: Updating LinkState: reference_frame is empty/world/map, using inertial frame[0m
[0m[INFO] [1787137297.461317302, 617.360000000]: Updating LinkState: reference_frame is empty/world/map, using inertial frame[0m
[0m[INFO] [1787137297.462434218, 617.362000000]: Updating LinkState: reference_frame is empty/world/map, using inertial frame[0m
[0m[INFO] [1787137297.561290641, 617.460000000]: Updating LinkState: reference_frame is empty/world/map, using inertial frame[0m
[0m[INFO] [1787137297.562606584, 617.462000000]: Updating LinkState: reference_frame is empty/world/map, using inertial frame[0m
[0m[INFO] [1787137297.662553305, 617.562000000]: Updating LinkState: reference_frame is empty/world/map, using inertial frame[0m
[0m[INFO] [1787137297.664991141, 617.564000000]: Updating LinkState: reference_frame is empty/world/map, using inertial frame[0m
[0m[INFO] [1787137297.764072557, 617.662000000]: Updating LinkState: reference_frame is empty/world/map, using inertial frame[0m
[0m[INFO] [1787137297.766562750, 617.664000000]: Updating LinkState: reference_frame is empty/world/map, using inertial frame[0m
[0m[INFO] [1787137297.863741962, 617.760000000]: Updating LinkState: reference_frame is empty/world/map, using inertial frame[0m
[0m[INFO] [1787137297.866143000, 617.762000000]: Updating LinkState: reference_frame is empty/world/map, using inertial frame[0m
[0m[INFO] [1787137297.961170995, 617.856000000]: Updating LinkState: reference_frame is empty/world/map, using inertial frame[0m
[0m[INFO] [1787137297.962180290, 617.858000000]: Updating LinkState: reference_frame is empty/world/map, using inertial frame[0m
[0m[INFO] [1787137298.060995245, 617.956000000]: Updating LinkState: reference_frame is empty/world/map, using inertial frame[0m
[0m[INFO] [1787137298.062066589, 617.958000000]: Updating LinkState: reference_frame is empty/world/map, using inertial frame[0m
[0m[INFO] [1787137298.163195826, 618.058000000]: Updating LinkState: reference_frame is empty/world/map, using inertial frame[0m
[0m[INFO] [1787137298.165475490, 618.060000000]: Updating LinkState: reference_frame is empty/world/map, using inertial frame[0m
[0m[INFO] [1787137298.263924071, 618.158000000]: Updating LinkState: reference_frame is empty/world/map, using inertial frame[0m
[0m[INFO] [1787137298.266589681, 618.160000000]: Updating LinkState: reference_frame is empty/world/map, using inertial frame[0m
[0m[INFO] [1787137298.364441751, 618.256000000]: Updating LinkState: reference_frame is empty/world/map, using inertial frame[0m
[0m[INFO] [1787137298.366697710, 618.258000000]: Updating LinkState: reference_frame is empty/world/map, using inertial frame[0m
[0m[INFO] [1787137298.460738064, 618.352000000]: Updating LinkState: reference_frame is empty/world/map, using inertial frame[0m
[0m[INFO] [1787137298.461791095, 618.354000000]: Updating LinkState: reference_frame is empty/world/map, using inertial frame[0m
[0m[INFO] [1787137298.562383354, 618.454000000]: Updating LinkState: reference_frame is empty/world/map, using inertial frame[0m
[0m[INFO] [1787137298.563628758, 618.456000000]: Updating LinkState: reference_frame is empty/world/map, using inertial frame[0m
[0m[INFO] [1787137298.664885679, 618.556000000]: Updating LinkState: reference_frame is empty/world/map, using inertial frame[0m
[0m[INFO] [1787137298.668128781, 618.560000000]: Updating LinkState: reference_frame is empty/world/map, using inertial frame[0m
[0m[INFO] [1787137298.764702779, 618.654000000]: Updating LinkState: reference_frame is empty/world/map, using inertial frame[0m
[0m[INFO] [1787137298.767339925, 618.656000000]: Updating LinkState: reference_frame is empty/world/map, using inertial frame[0m
[0m[INFO] [1787137298.862986389, 618.752000000]: Updating LinkState: reference_frame is empty/world/map, using inertial frame[0m
[0m[INFO] [1787137298.865199479, 618.754000000]: Updating LinkState: reference_frame is empty/world/map, using inertial frame[0m
[0m[INFO] [1787137298.961229642, 618.850000000]: Updating LinkState: reference_frame is empty/world/map, using inertial frame[0m
[0m[INFO] [1787137298.962312905, 618.852000000]: Updating LinkState: reference_frame is empty/world/map, using inertial frame[0m
[0m[INFO] [1787137299.061180859, 618.950000000]: Updating LinkState: reference_frame is empty/world/map, using inertial frame[0m
[0m[INFO] [1787137299.062135074, 618.952000000]: Updating LinkState: reference_frame is empty/world/map, using inertial frame[0m
[0m[INFO] [1787137299.161196784, 619.050000000]: Updating LinkState: reference_frame is empty/world/map, using inertial frame[0m
[0m[INFO] [1787137299.162403478, 619.052000000]: Updating LinkState: reference_frame is empty/world/map, using inertial frame[0m
[0m[INFO] [1787137299.264306590, 619.152000000]: Updating LinkState: reference_frame is empty/world/map, using inertial frame[0m
[0m[INFO] [1787137299.267689653, 619.156000000]: Updating LinkState: reference_frame is empty/world/map, using inertial frame[0m
[0m[INFO] [1787137299.363967326, 619.250000000]: Updating LinkState: reference_frame is empty/world/map, using inertial frame[0m
[0m[INFO] [1787137299.366725886, 619.254000000]: Updating LinkState: reference_frame is empty/world/map, using inertial frame[0m
[0m[INFO] [1787137299.461854634, 619.348000000]: Updating LinkState: reference_frame is empty/world/map, using inertial frame[0m
[0m[INFO] [1787137299.462983458, 619.350000000]: Updating LinkState: reference_frame is empty/world/map, using inertial frame[0m
[0m[INFO] [1787137299.562077516, 619.450000000]: Updating LinkState: reference_frame is empty/world/map, using inertial frame[0m
[0m[INFO] [1787137299.564281150, 619.452000000]: Updating LinkState: reference_frame is empty/world/map, using inertial frame[0m
[0m[INFO] [1787137299.661375686, 619.548000000]: Updating LinkState: reference_frame is empty/world/map, using inertial frame[0m
[0m[INFO] [1787137299.662445021, 619.550000000]: Updating LinkState: reference_frame is empty/world/map, using inertial frame[0m
[0m[INFO] [1787137299.762548486, 619.650000000]: Updating LinkState: reference_frame is empty/world/map, using inertial frame[0m
[0m[INFO] [1787137299.764623211, 619.652000000]: Updating LinkState: reference_frame is empty/world/map, using inertial frame[0m
[0m[INFO] [1787137299.864054293, 619.750000000]: Updating LinkState: reference_frame is empty/world/map, using inertial frame[0m
[0m[INFO] [1787137299.866184292, 619.752000000]: Updating LinkState: reference_frame is empty/world/map, using inertial frame[0m
[0m[INFO] [1787137299.960527616, 619.846000000]: Updating LinkState: reference_frame is empty/world/map, using inertial frame[0m
[0m[INFO] [1787137299.961660591, 619.848000000]: Updating LinkState: reference_frame is empty/world/map, using inertial frame[0m
[0m[INFO] [1787137300.062561321, 619.948000000]: Updating LinkState: reference_frame is empty/world/map, using inertial frame[0m
[0m[INFO] [1787137300.063729489, 619.950000000]: Updating LinkState: reference_frame is empty/world/map, using inertial frame[0m
[0m[INFO] [1787137300.164978766, 620.050000000]: Updating LinkState: reference_frame is empty/world/map, using inertial frame[0m
[0m[INFO] [1787137300.168178584, 620.054000000]: Updating LinkState: reference_frame is empty/world/map, using inertial frame[0m
[0m[INFO] [1787137300.263071569, 620.148000000]: Updating LinkState: reference_frame is empty/world/map, using inertial frame[0m
[0m[INFO] [1787137300.265817076, 620.152000000]: Updating LinkState: reference_frame is empty/world/map, using inertial frame[0m
[0m[INFO] [1787137300.364292147, 620.248000000]: Updating LinkState: reference_frame is empty/world/map, using inertial frame[0m
[0m[INFO] [1787137300.366822148, 620.250000000]: Updating LinkState: reference_frame is empty/world/map, using inertial frame[0m
[0m[INFO] [1787137300.462490930, 620.346000000]: Updating LinkState: reference_frame is empty/world/map, using inertial frame[0m
[0m[INFO] [1787137300.463723382, 620.348000000]: Updating LinkState: reference_frame is empty/world/map, using inertial frame[0m
[0m[INFO] [1787137300.562382168, 620.446000000]: Updating LinkState: reference_frame is empty/world/map, using inertial frame[0m
[0m[INFO] [1787137300.563440788, 620.448000000]: Updating LinkState: reference_frame is empty/world/map, using inertial frame[0m
[0m[INFO] [1787137300.663007144, 620.548000000]: Updating LinkState: reference_frame is empty/world/map, using inertial frame[0m
[0m[INFO] [1787137300.666148753, 620.550000000]: Updating LinkState: reference_frame is empty/world/map, using inertial frame[0m
[0m[INFO] [1787137300.762868116, 620.646000000]: Updating LinkState: reference_frame is empty/world/map, using inertial frame[0m
[0m[INFO] [1787137300.765674185, 620.648000000]: Updating LinkState: reference_frame is empty/world/map, using inertial frame[0m
[0m[INFO] [1787137300.863640708, 620.746000000]: Updating LinkState: reference_frame is empty/world/map, using inertial frame[0m
[0m[INFO] [1787137300.866299920, 620.748000000]: Updating LinkState: reference_frame is empty/world/map, using inertial frame[0m
[0m[INFO] [1787137300.959900756, 620.842000000]: Updating LinkState: reference_frame is empty/world/map, using inertial frame[0m
[0m[INFO] [1787137300.960938748, 620.844000000]: Updating LinkState: reference_frame is empty/world/map, using inertial frame[0m
[0m[INFO] [1787137301.061743603, 620.944000000]: Updating LinkState: reference_frame is empty/world/map, using inertial frame[0m
[0m[INFO] [1787137301.062655404, 620.946000000]: Updating LinkState: reference_frame is empty/world/map, using inertial frame[0m
[0m[INFO] [1787137301.164570486, 621.046000000]: Updating LinkState: reference_frame is empty/world/map, using inertial frame[0m
[0m[INFO] [1787137301.167209642, 621.050000000]: Updating LinkState: reference_frame is empty/world/map, using inertial frame[0m
[0m[INFO] [1787137301.264382517, 621.146000000]: Updating LinkState: reference_frame is empty/world/map, using inertial frame[0m
[0m[INFO] [1787137301.266818809, 621.148000000]: Updating LinkState: reference_frame is empty/world/map, using inertial frame[0m
[0m[INFO] [1787137301.363945876, 621.246000000]: Updating LinkState: reference_frame is empty/world/map, using ineNode::Advertise(): Error advertising topic [/a1_gazebo/joint_cmd]. Did you forget to start the discovery service?
rtial frame[0m
[0m[INFO] [1787137301.366021268, 621.248000000]: Updating LinkState: reference_frame is empty/world/map, using inertial frame[0m
[0m[INFO] [1787137301.461144637, 621.342000000]: Updating LinkState: reference_frame is empty/world/map, using inertial frame[0m
[0m[INFO] [1787137301.462238424, 621.344000000]: Updating LinkState: reference_frame is empty/world/map, using inertial frame[0m
[0m[INFO] [1787137301.561065348, 621.442000000]: Updating LinkState: reference_frame is empty/world/map, using inertial frame[0m
[0m[INFO] [1787137301.562160985, 621.444000000]: Updating LinkState: reference_frame is empty/world/map, using inertial frame[0m
[0m[INFO] [1787137301.661356254, 621.542000000]: Updating LinkState: reference_frame is empty/world/map, using inertial frame[0m
[0m[INFO] [1787137301.662622742, 621.544000000]: Updating LinkState: reference_frame is empty/world/map, using inertial frame[0m
[0m[INFO] [1787137301.765819359, 621.644000000]: Updating LinkState: reference_frame is empty/world/map, using inertial frame[0m
[0m[INFO] [1787137301.768312139, 621.646000000]: Updating LinkState: reference_frame is empty/world/map, using inertial frame[0m
[0m[INFO] [1787137301.862805922, 621.740000000]: Updating LinkState: reference_frame is empty/world/map, using inertial frame[0m
[0m[INFO] [1787137301.865542987, 621.744000000]: Updating LinkState: reference_frame is empty/world/map, using inertial frame[0m
[0m[INFO] [1787137301.961177159, 621.838000000]: Updating LinkState: reference_frame is empty/world/map, using inertial frame[0m
[0m[INFO] [1787137301.962215841, 621.840000000]: Updating LinkState: reference_frame is empty/world/map, using inertial frame[0m
[0m[INFO] [1787137302.060914733, 621.938000000]: Updating LinkState: reference_frame is empty/world/map, using inertial frame[0m
[0m[INFO] [1787137302.061955362, 621.940000000]: Updating LinkState: reference_frame is empty/world/map, using inertial frame[0m
[0m[INFO] [1787137302.160747042, 622.038000000]: Updating LinkState: reference_frame is empty/world/map, using inertial frame[0m
[0m[INFO] [1787137302.161858925, 622.040000000]: Updating LinkState: reference_frame is empty/world/map, using inertial frame[0m
[0m[INFO] [1787137302.265867024, 622.142000000]: Updating LinkState: reference_frame is empty/world/map, using inertial frame[0m
[0m[INFO] [1787137302.268206582, 622.146000000]: Updating LinkState: reference_frame is empty/world/map, using inertial frame[0m
[0m[INFO] [1787137302.365889930, 622.240000000]: Updating LinkState: reference_frame is empty/world/map, using inertial frame[0m
[0m[INFO] [1787137302.368514150, 622.244000000]: Updating LinkState: reference_frame is empty/world/map, using inertial frame[0m
[0m[INFO] [1787137302.462331745, 622.336000000]: Updating LinkState: reference_frame is empty/world/map, using inertial frame[0m
[0m[INFO] [1787137302.463429534, 622.338000000]: Updating LinkState: reference_frame is empty/world/map, using inertial frame[0m
[0m[INFO] [1787137302.562554560, 622.436000000]: Updating LinkState: reference_frame is empty/world/map, using inertial frame[0m
[0m[INFO] [1787137302.563703391, 622.438000000]: Updating LinkState: reference_frame is empty/world/map, using inertial frame[0m
[0m[INFO] [1787137302.662289288, 622.536000000]: Updating LinkState: reference_frame is empty/world/map, using inertial frame[0m
[0m[INFO] [1787137302.663582611, 622.538000000]: Updating LinkState: reference_frame is empty/world/map, using inertial frame[0m
[0m[INFO] [1787137384.311921937, 696.134000000]: Updating LinkState: reference_frame is empty/world/map, using inertial frame[0m
[0m[INFO] [1787137384.313830034, 696.136000000]: Updating LinkState: reference_frame is empty/world/map, using inertial frame[0m
[0m[INFO] [1787137384.411992701, 696.234000000]: Updating LinkState: reference_frame is empty/world/map, using inertial frame[0m
[0m[INFO] [1787137384.415008786, 696.238000000]: Updating LinkState: reference_frame is empty/world/map, using inertial frame[0m
[0m[INFO] [1787137384.510671227, 696.332000000]: Updating LinkState: reference_frame is empty/world/map, using inertial frame[0m
[0m[INFO] [1787137384.512149229, 696.334000000]: Updating LinkState: reference_frame is empty/world/map, using inertial frame[0m
[0m[INFO] [1787137384.610663623, 696.432000000]: Updating LinkState: reference_frame is empty/world/map, using inertial frame[0m
[0m[INFO] [1787137384.611929514, 696.434000000]: Updating LinkState: reference_frame is empty/world/map, using inertial frame[0m
[0m[INFO] [1787137384.711231654, 696.534000000]: Updating LinkState: reference_frame is empty/world/map, using inertial frame[0m
[0m[INFO] [1787137384.712706612, 696.534000000]: Updating LinkState: reference_frame is empty/world/map, using inertial frame[0m
[0m[INFO] [1787137384.810094916, 696.630000000]: Updating LinkState: reference_frame is empty/world/map, using inertial frame[0m
[0m[INFO] [1787137384.813149426, 696.634000000]: Updating LinkState: reference_frame is empty/world/map, using inertial frame[0m
[0m[INFO] [1787137384.909941811, 696.730000000]: Updating LinkState: reference_frame is empty/world/map, using inertial frame[0m
[0m[INFO] [1787137384.911180197, 696.732000000]: Updating LinkState: reference_frame is empty/world/map, using inertial frame[0m
[0m[INFO] [1787137385.010188845, 696.830000000]: Updating LinkState: reference_frame is empty/world/map, using inertial frame[0m
[0m[INFO] [1787137385.011374059, 696.832000000]: Updating LinkState: reference_frame is empty/world/map, using inertial frame[0m
[0m[INFO] [1787137385.109993746, 696.930000000]: Updating LinkState: reference_frame is empty/world/map, using inertial frame[0m
[0m[INFO] [1787137385.111257664, 696.932000000]: Updating LinkState: reference_frame is empty/world/map, using inertial frame[0m
[0m[INFO] [1787137385.209834298, 697.030000000]: Updating LinkState: reference_frame is empty/world/map, using inertial frame[0m
[0m[INFO] [1787137385.211300328, 697.032000000]: Updating LinkState: reference_frame is empty/world/map, using inertial frame[0m
[0m[INFO] [1787137385.311158286, 697.132000000]: Updating LinkState: reference_frame is empty/world/map, using inertial frame[0m
[0m[INFO] [1787137385.315046757, 697.136000000]: Updating LinkState: reference_frame is empty/world/map, using inertial frame[0m
[0m[INFO] [1787137385.412750260, 697.232000000]: Updating LinkState: reference_frame is empty/world/map, using inertial frame[0m
[0m[INFO] [1787137385.417063364, 697.234000000]: Updating LinkState: reference_frame is empty/world/map, using inertial frame[0m
[0m[INFO] [1787137385.509851421, 697.326000000]: Updating LinkState: reference_frame is empty/world/map, using inertial frame[0m
[0m[INFO] [1787137385.511240585, 697.328000000]: Updating LinkState: reference_frame is empty/world/map, using inertial frame[0m
[0m[INFO] [1787137385.609575416, 697.426000000]: Updating LinkState: reference_frame is empty/world/map, using inertial frame[0m
[0m[INFO] [1787137385.610840288, 697.428000000]: Updating LinkState: reference_frame is empty/world/map, using inertial frame[0m
[0m[INFO] [1787137385.709717286, 697.526000000]: Updating LinkState: reference_frame is empty/world/map, using inertial frame[0m
[0m[INFO] [1787137385.710982050, 697.528000000]: Updating LinkState: reference_frame is empty/world/map, using inertial frame[0m
[0m[INFO] [1787137385.811200930, 697.628000000]: Updating LinkState: reference_frame is empty/world/map, using inertial frame[0m
[0m[INFO] [1787137385.814425172, 697.630000000]: Updating LinkState: reference_frame is empty/world/map, using inertial frame[0m
[0m[INFO] [1787137385.912159462, 697.724000000]: Updating LinkState: reference_frame is empty/world/map, using inertial frame[0m
[0m[INFO] [1787137385.914907788, 697.728000000]: Updating LinkState: reference_frame is empty/world/map, using inertial frame[0m
[0m[INFO] [1787137386.010909609, 697.822000000]: Updating LinkState: reference_frame is empty/world/map, using inertial frame[0m
[0m[INFO] [1787137386.012012980, 697.824000000]: Updating LinkState: reference_frame is empty/world/map, using inertial frame[0m
[0m[INFO] [1787137386.111174440, 697.922000000]: Updating LinkState: reference_frame is empty/world/map, using inertial frame[0m
[0m[INFO] [1787137386.112336118, 697.924000000]: Updating LinkState: reference_frame is empty/world/map, using inertial frame[0m
[0m[INFO] [1787137386.211124986, 698.022000000]: Updating LinkState: reference_frame is empty/world/map, using inertial frame[0m
[0m[INFO] [1787137386.212265255, 698.024000000]: Updating LinkState: reference_frame is empty/world/map, using inertial frame[0m
[0m[INFO] [1787137386.313058361, 698.124000000]: Updating LinkState: reference_frame is empty/world/map, using inertial frame[0m
[0m[INFO] [1787137386.315647255, 698.128000000]: Updating LinkState: reference_frame is empty/world/map, using inertial frame[0m
[0m[INFO] [1787137386.413399984, 698.224000000]: Updating LinkState: reference_frame is empty/world/map, using inertial frame[0m
[0m[INFO] [1787137386.415493066, 698.226000000]: Updating LinkState: reference_frame is empty/world/map, using inertial frame[0m
[0m[INFO] [1787137386.512340793, 698.320000000]: Updating LinkState: reference_frame is empty/world/map, using inertial frame[0m
[0m[INFO] [1787137386.513650273, 698.322000000]: Updating LinkState: reference_frame is empty/world/map, using inertial frame[0m
[0m[INFO] [1787137386.611010502, 698.418000000]: Updating LinkState: reference_frame is empty/world/map, using inertial frame[0m
[0m[INFO] [1787137386.612478406, 698.420000000]: Updating LinkState: reference_frame is empty/world/map, using inertial frame[0m
[0m[INFO] [1787137386.708134189, 698.516000000]: Updating LinkState: reference_frame is empty/world/map, using inertial frame[0m
[0m[INFO] [1787137386.709282959, 698.518000000]: Updating LinkState: reference_frame is empty/world/map, using inertial frame[0m
[0m[INFO] [1787137386.813450341, 698.622000000]: Updating LinkState: reference_frame is empty/world/map, using inertial frame[0m
[0m[INFO] [1787137386.817039859, 698.624000000]: Updating LinkState: reference_frame is empty/world/map, using inertial frame[0m
[0m[INFO] [1787137386.908729850, 698.716000000]: Updating LinkState: reference_frame is empty/world/map, using inertial frame[0m
[0m[INFO] [1787137386.910167304, 698.718000000]: Updating LinkState: reference_frame is empty/world/map, using inertial frame[0m
[0m[INFO] [1787137387.011779899, 698.818000000]: Updating LinkState: reference_frame is empty/world/map, using inertial frame[0m
[0m[INFO] [1787137387.012904453, 698.820000000]: Updating LinkState: reference_frame is empty/world/map, using inertial frame[0m
[0m[INFO] [1787137387.109321783, 698.916000000]: Updating LinkState: reference_frame is empty/world/map, using inertial frame[0m
[0m[INFO] [1787137387.110407316, 698.918000000]: Updating LinkState: reference_frame is empty/world/map, using inertial frame[0m
[0m[INFO] [1787137493.187055725, 699.018000000]: Updating LinkState: reference_frame is empty/world/map, using inertial frame[0m
[0m[INFO] [1787137493.189201657, 699.020000000]: Updating LinkState: reference_frame is empty/world/map, using inertial frame[0m
[0m[INFO] [1787137493.190994274, 699.022000000]: Updating LinkState: reference_frame is empty/world/map, using inertial frame[0m
[0m[INFO] [1787137493.193421088, 699.024000000]: Updating LinkState: reference_frame is empty/world/map, using inertial frame[0m
[0m[INFO] [1787137493.195592999, 699.026000000]: Updating LinkState: reference_frame is empty/world/map, using inertial frame[0m
[0m[INFO] [1787137493.197451481, 699.028000000]: Updating LinkState: reference_frame is empty/world/map, using inertial frame[0m
[0m[INFO] [1787137493.198974436, 699.030000000]: Updating LinkState: reference_frame is empty/world/map, using inertial frame[0m
[0m[INFO] [1787137493.202435362, 699.030000000]: Updating LinkState: reference_frame is empty/world/map, using inertial frame[0m
[0m[INFO] [1787137493.203445570, 699.032000000]: Updating LinkState: reference_frame is empty/world/map, using inertial frame[0m
[0m[INFO] [1787137493.204951930, 699.032000000]: Updating LinkState: reference_frame is empty/world/map, using inertial frame[0m
[0m[INFO] [1787137493.206065375, 699.034000000]: Updating LinkState: reference_frame is empty/world/map, using inertial frame[0m
[0m[INFO] [1787137493.207150166, 699.034000000]: Updating LinkState: reference_frame is empty/world/map, using inertial frame[0m
[0m[INFO] [1787137493.208075385, 699.036000000]: Updating LinkState: reference_frame is empty/world/map, using inertial frame[0m
[0m[INFO] [1787137493.208898252, 699.036000000]: Updating LinkState: reference_frame is empty/world/map, using inertial frame[0m
[0m[INFO] [1787137493.209906447, 699.038000000]: Updating LinkState: reference_frame is empty/world/map, using inertial frame[0m
[0m[INFO] [1787137493.210980073, 699.038000000]: Updating LinkState: reference_frame is empty/world/map, using inertial frame[0m
[0m[INFO] [1787137493.211998349, 699.040000000]: Updating LinkState: reference_frame is empty/world/map, using inertial frame[0m
[0m[INFO] [1787137493.213364771, 699.042000000]: Updating LinkState: reference_frame is empty/world/map, using inertial frame[0m
[0m[INFO] [1787137493.215586669, 699.044000000]: Updating LinkState: reference_frame is empty/world/map, using inertial frame[0m
[0m[INFO] [1787137493.217017917, 699.044000000]: Updating LinkState: reference_frame is empty/world/map, using inertial frame[0m
[0m[INFO] [1787137493.218089496, 699.046000000]: Updating LinkState: reference_frame is empty/world/map, using inertial frame[0m
[0m[INFO] [1787137493.219108039, 699.046000000]: Updating LinkState: reference_frame is empty/world/map, using inertial frame[0m
[0m[INFO] [1787137493.220149882, 699.048000000]: Updating LinkState: reference_frame is empty/world/map, using inertial frame[0m
[0m[INFO] [1787137493.221255916, 699.048000000]: Updating LinkState: reference_frame is empty/world/map, using inertial frame[0m
[0m[INFO] [1787137493.222443802, 699.050000000]: Updating LinkState: reference_frame is empty/world/map, using inertial frame[0m
[0m[INFO] [1787137493.224654442, 699.052000000]: Updating LinkState: reference_frame is empty/world/map, using inertial frame[0m
[0m[INFO] [1787137493.226568950, 699.054000000]: Updating LinkState: reference_frame is empty/world/map, using inertial frame[0m
[0m[INFO] [1787137493.228651132, 699.056000000]: Updating LinkState: reference_frame is empty/world/map, using inertial frame[0m
[0m[INFO] [1787137493.230728460, 699.058000000]: Updating LinkState: reference_frame is empty/world/map, using inertial frame[0m
[0m[INFO] [1787137493.232473928, 699.060000000]: Updating LinkState: reference_frame is empty/world/map, using inertial frame[0m
[0m[INFO] [1787137493.234530335, 699.062000000]: Updating LinkState: reference_frame is empty/world/map, using inertial frame[0m
[0m[INFO] [1787137493.236268636, 699.064000000]: Updating LinkState: reference_frame is empty/world/map, using inertial frame[0m
[0m[INFO] [1787137493.237601946, 699.066000000]: Updating LinkState: reference_frame is empty/world/map, using inertial frame[0m
[0m[INFO] [1787137493.239205717, 699.066000000]: Updating LinkState: reference_frame is empty/world/map, using inertial frame[0m
[0m[INFO] [1787137493.240723670, 699.068000000]: Updating LinkState: reference_frame is empty/world/map, using inertial frame[0m
[0m[INFO] [1787137493.242551617, 699.070000000]: Updating LinkState: reference_frame is empty/world/map, using inertial frame[0m
[0m[INFO] [1787137493.244185700, 699.072000000]: Updating LinkState: reference_frame is empty/world/map, using inertial frame[0m
[0m[INFO] [1787137493.245436593, 699.074000000]: Updating LinkState: reference_frame is empty/world/map, using inertial frame[0m
[0m[INFO] [1787137493.247296570, 699.074000000]: Updating LinkState: reference_frame is empty/world/map, using inertial frame[0m
[0m[INFO] [1787137493.248741042, 699.076000000]: Updating LinkState: reference_frame is empty/world/map, using inertial frame[0m
[0m[INFO] [1787137493.250589144, 699.078000000]: Updating LinkState: reference_frame is empty/world/map, using inertial frame[0m
[0m[INFO] [1787137493.252203573, 699.080000000]: Updating LinkState: reference_frame is empty/world/map, using inertial frame[0m
[0m[INFO] [1787137493.253480758, 699.082000000]: Updating LinkState: reference_frame is empty/world/map, using inertial frame[0m
[0m[INFO] [1787137493.255022261, 699.082000000]: Updating LinkState: reference_frame is empty/world/map, using inertial frame[0m
[0m[INFO] [1787137493.256418229, 699.084000000]: Updating LinkState: reference_frame is empty/world/map, using inertial frame[0m
[0m[INFO] [1787137493.258661361, 699.086000000]: Updating LinkState: reference_frame is empty/world/map, using inertial frame[0m
[0m[INFO] [1787137493.260565649, 699.088000000]: Updating LinkState: reference_frame is empty/world/map, using inertial frame[0m
[0m[INFO] [1787137493.262565031, 699.090000000]: Updating LinkState: reference_frame is empty/world/map, using inertial frame[0m
[0m[INFO] [1787137493.264244064, 699.092000000]: Updating LinkState: reference_frame is empty/world/map, using inertial frame[0m
[0m[INFO] [1787137493.265443021, 699.094000000]: Updating LinkState: reference_frame is empty/world/map, using inertial frame[0m
[0m[INFO] [1787137493.266835263, 699.094000000]: Updating LinkState: reference_frame is empty/world/map, using inertial frame[0m
[0m[INFO] [1787137493.267985689, 699.096000000]: Updating LinkState: reference_frame is empty/world/map, using inertial frame[0m
[0m[INFO] [1787137493.268789250, 699.096000000]: Updating LinkState: reference_frame is empty/world/map, using inertial frame[0m
[0m[INFO] [1787137493.269663702, 699.098000000]: Updating LinkState: reference_frame is empty/world/map, using inertial frame[0m
[0m[INFO] [1787137493.271109504, 699.098000000]: Updating LinkState: reference_frame is empty/world/map, using inertial frame[0m
[0m[INFO] [1787137493.271994081, 699.100000000]: Updating LinkState: reference_frame is empty/world/map, using inertial frame[0m
[0m[INFO] [1787137493.272842062, 699.100000000]: Updating LinkState: reference_frame is empty/world/map, using inertial frame[0m
[0m[INFO] [1787137493.273730784, 699.102000000]: Updating LinkState: reference_frame is empty/world/map, using inertial frame[0m
[0m[INFO] [1787137493.274615471, 699.102000000]: Updating LinkState: reference_frame is empty/world/map, using inertial frame[0m
[0m[INFO] [1787137493.275446243, 699.104000000]: Updating LinkState: reference_frame is empty/world/map, using inertial frame[0m
[0m[INFO] [1787137493.276787518, 699.104000000]: Updating LinkState: reference_frame is empty/world/map, using inertial frame[0m
[0m[INFO] [1787137493.277714234, 699.106000000]: Updating LinkState: reference_frame is empty/world/map, using inertial frame[0m
[0m[INFO] [1787137493.278893544, 699.106000000]: Updating LinkState: reference_frame is empty/world/map, using inertial frame[0m
[0m[INFO] [1787137493.279838504, 699.108000000]: Updating LinkState: reference_frame is empty/world/map, using inertial frame[0m
[0m[INFO] [1787137493.280719589, 699.108000000]: Updating LinkState: reference_frame is empty/world/map, using inertial frame[0m
[0m[INFO] [1787137493.281679054, 699.110000000]: Updating LinkState: reference_frame is empty/world/map, using inertial frame[0m
[0m[INFO] [1787137493.282691383, 699.110000000]: Updating LinkState: reference_frame is empty/world/map, using inertial frame[0m
[0m[INFO] [1787137493.283657417, 699.112000000]: Updating LinkState: reference_frame is empty/world/map, using inertial frame[0m
[0m[INFO] [1787137493.284537807, 699.112000000]: Updating LinkState: reference_frame is empty/world/map, using inertial frame[0m
[0m[INFO] [1787137493.285353378, 699.112000000]: Updating LinkState: reference_frame is empty/world/map, using inertial frame[0m
[0m[INFO] [1787137493.286657795, 699.114000000]: Updating LinkState: reference_frame is empty/world/map, using inertial frame[0m
[0m[INFO] [1787137493.287788638, 699.116000000]: Updating LinkState: reference_frame is empty/world/map, using inertial frame[0m
[0m[INFO] [1787137493.289123308, 699.116000000]: Updating LinkState: reference_frame is empty/world/map, using inertial frame[0m
[0m[INFO] [1787137493.290590333, 699.118000000]: Updating LinkState: reference_frame is empty/world/map, using inertial frame[0m
[0m[INFO] [1787137493.292019021, 699.120000000]: Updating LinkState: reference_frame is empty/world/map, using inertial frame[0m
[0m[INFO] [1787137493.293003522, 699.120000000]: Updating LinkState: reference_frame is empty/world/map, using inertial frame[0m
[0m[INFO] [1787137493.293922388, 699.122000000]: Updating LinkState: reference_frame is empty/world/map, using inertial frame[0m
[0m[INFO] [1787137493.294703733, 699.122000000]: Updating LinkState: reference_frame is empty/world/map, using inertial frame[0m
[0m[INFO] [1787137493.295445696, 699.124000000]: Updating LinkState: reference_frame is empty/world/map, using inertial frame[0m
[0m[INFO] [1787137493.296504086, 699.124000000]: Updating LinkState: reference_frame is empty/world/map, using inertial frame[0m
[0m[INFO] [1787137493.297278603, 699.124000000]: Updating LinkState: reference_frame is empty/world/map, using inertial frame[0m
[0m[INFO] [1787137493.298237122, 699.126000000]: Updating LinkState: reference_frame is empty/world/map, using inertial frame[0m
[0m[INFO] [1787137493.299148266, 699.126000000]: Updating LinkState: reference_frame is empty/world/map, using inertial frame[0m
[0m[INFO] [1787137493.299994106, 699.128000000]: Updating LinkState: reference_frame is empty/world/map, using inertial frame[0m
[0m[INFO] [1787137493.300848894, 699.128000000]: Updating LinkState: reference_frame is empty/world/map, using inertial frame[0m
[0m[INFO] [1787137493.301779152, 699.130000000]: Updating LinkState: reference_frame is empty/world/map, using inertial frame[0m
[0m[INFO] [1787137493.302701186, 699.130000000]: Updating LinkState: reference_frame is empty/world/map, using inertial frame[0m
[0m[INFO] [1787137493.303608521, 699.132000000]: Updating LinkState: reference_frame is empty/world/map, using inertial frame[0m
[0m[INFO] [1787137493.304520604, 699.132000000]: Updating LinkState: reference_frame is empty/world/map, using inertial frame[0m
[0m[INFO] [1787137493.305411870, 699.134000000]: Updating LinkState: reference_frame is empty/world/map, using inertial frame[0m
[0m[INFO] [1787137493.306665732, 699.134000000]: Updating LinkState: reference_frame is empty/world/map, using inertial frame[0m
[0m[INFO] [1787137493.307655515, 699.136000000]: Updating LinkState: reference_frame is empty/world/map, using inertial frame[0m
[0m[INFO] [1787137493.308755296, 699.136000000]: Updating LinkState: reference_frame is empty/world/map, using inertial frame[0m
[0m[INFO] [1787137493.309739219, 699.138000000]: Updating LinkState: reference_frame is empty/world/map, using inertial frame[0m
[0m[INFO] [1787137493.310949492, 699.138000000]: Updating LinkState: reference_frame is empty/world/map, using inertial frame[0m
[0m[INFO] [1787137493.311991581, 699.140000000]: Updating LinkState: reference_frame is empty/world/map, using inertial frame[0m
[0m[INFO] [1787137493.312723735, 699.140000000]: Updating LinkState: reference_frame is empty/world/map, using inertial frame[0m
[0m[INFO] [1787137493.313555976, 699.142000000]: Updating LinkState: reference_frame is empty/world/map, using inertial frame[0m
[0m[INFO] [1787137493.314745140, 699.142000000]: Updating LinkState: reference_frame is empty/world/map, using inertial frame[0m
[0m[INFO] [1787137493.315688488, 699.144000000]: Updating LinkState: reference_frame is empty/world/map, using inertial frame[0m
[0m[INFO] [1787137493.316808856, 699.144000000]: Updating LinkState: reference_frame is empty/world/map, using inertial frame[0m
[0m[INFO] [1787137493.318252631, 699.146000000]: Updating LinkState: reference_frame is empty/world/map, using inertial frame[0m
[0m[INFO] [1787137493.319450999, 699.148000000]: Updating LinkState: reference_frame is empty/world/map, using inertial frame[0m
[0m[INFO] [1787137493.320927656, 699.148000000]: Updating LinkState: reference_frame is empty/world/map, using inertial frame[0m
[0m[INFO] [1787137493.322170953, 699.150000000]: Updating LinkState: reference_frame is empty/world/map, using inertial frame[0m
[0m[INFO] [1787137493.323395722, 699.150000000]: Updating LinkState: reference_frame is empty/world/map, using inertial frame[0m
[0m[INFO] [1787137493.325426807, 699.152000000]: Updating LinkState: reference_frame is empty/world/map, using inertial frame[0m
[0m[INFO] [1787137493.327406602, 699.154000000]: Updating LinkState: reference_frame is empty/world/map, using inertial frame[0m
[0m[INFO] [1787137493.329096943, 699.156000000]: Updating LinkState: reference_frame is empty/world/map, using inertial frame[0m
[0m[INFO] [1787137493.330333339, 699.158000000]: Updating LinkState: reference_frame is empty/world/map, using inertial frame[0m
[0m[INFO] [1787137493.331451307, 699.160000000]: Updating LinkState: reference_frame is empty/world/map, using inertial frame[0m
[0m[INFO] [1787137493.333225873, 699.160000000]: Updating LinkState: reference_frame is empty/world/map, using inertial frame[0m
[0m[INFO] [1787137493.334452345, 699.162000000]: Updating LinkState: reference_frame is empty/world/map, using inertial frame[0m
[0m[INFO] [1787137493.335784346, 699.164000000]: Updating LinkState: reference_frame is empty/world/map, using inertial frame[0m
[0m[INFO] [1787137493.337362484, 699.164000000]: Updating LinkState: reference_frame is empty/world/map, using inertial frame[0m
[0m[INFO] [1787137493.339333146, 699.166000000]: Updating LinkState: reference_frame is empty/world/map, using inertial frame[0m
[0m[INFO] [1787137493.341276497, 699.168000000]: Updating LinkState: reference_frame is empty/world/map, using inertial frame[0m
[0m[INFO] [1787137493.342970596, 699.170000000]: Updating LinkState: reference_frame is empty/world/map, using inertial frame[0m
[0m[INFO] [1787137493.344534792, 699.172000000]: Updating LinkState: reference_frame is empty/world/map, using inertial frame[0m
[0m[INFO] [1787137493.346198832, 699.174000000]: Updating LinkState: reference_frame is empty/world/map, using inertial frame[0m
[0m[INFO] [1787137493.347273498, 699.174000000]: Updating LinkState: reference_frame is empty/world/map, using inertial frame[0m
[0m[INFO] [1787137493.348248149, 699.176000000]: Updating LinkState: reference_frame is empty/world/map, using inertial frame[0m
[0m[INFO] [1787137493.349118890, 699.176000000]: Updating LinkState: reference_frame is empty/world/map, using inertial frame[0m
[0m[INFO] [1787137493.349940417, 699.178000000]: Updating LinkState: reference_frame is empty/world/map, using inertial frame[0m
[0m[INFO] [1787137493.350985831, 699.178000000]: Updating LinkState: reference_frame is empty/world/map, using inertial frame[0m
[0m[INFO] [1787137493.351784233, 699.180000000]: Updating LinkState: reference_frame is empty/world/map, using inertial frame[0m
[0m[INFO] [1787137493.352666669, 699.180000000]: Updating LinkState: reference_frame is empty/world/map, using inertial frame[0m
[0m[INFO] [1787137493.353336894, 699.180000000]: Updating LinkState: reference_frame is empty/world/map, using inertial frame[0m
[0m[INFO] [1787137493.354388896, 699.182000000]: Updating LinkState: reference_frame is empty/world/map, using inertial frame[0m
[0m[INFO] [1787137493.355390305, 699.182000000]: Updating LinkState: reference_frame is empty/world/map, using inertial frame[0m
[0m[INFO] [1787137493.356850365, 699.184000000]: Updating LinkState: reference_frame is empty/world/map, using inertial frame[0m
[0m[INFO] [1787137493.357963274, 699.186000000]: Updating LinkState: reference_frame is empty/world/map, using inertial frame[0m
[0m[INFO] [1787137493.359097609, 699.186000000]: Updating LinkState: reference_frame is empty/world/map, using inertial frame[0m
[0m[INFO] [1787137493.360132687, 699.188000000]: Updating LinkState: reference_frame is empty/world/map, using inertial frame[0m
[0m[INFO] [1787137493.361092356, 699.188000000]: Updating LinkState: reference_frame is empty/world/map, using inertial frame[0m
[0m[INFO] [1787137493.362055977, 699.190000000]: Updating LinkState: reference_frame is empty/world/map, using inertial frame[0m
[0m[INFO] [1787137493.362912750, 699.190000000]: Updating LinkState: reference_frame is empty/world/map, using inertial frame[0m
[0m[INFO] [1787137493.363695625, 699.192000000]: Updating LinkState: reference_frame is empty/world/map, using inertial frame[0m
[0m[INFO] [1787137493.364450993, 699.192000000]: Updating LinkState: reference_frame is empty/world/map, using inertial frame[0m
[0m[INFO] [1787137493.365211612, 699.192000000]: Updating LinkState: reference_frame is empty/world/map, using inertial frame[0m
[0m[INFO] [1787137493.366401532, 699.194000000]: Updating LinkState: reference_frame is empty/world/map, using inertial frame[0m
[0m[INFO] [1787137493.367287572, 699.194000000]: Updating LinkState: reference_frame is empty/world/map, using inertial frame[0m
[0m[INFO] [1787137493.368070420, 699.196000000]: Updating LinkState: reference_frame is empty/world/map, using inertial frame[0m
[0m[INFO] [1787137493.368834435, 699.196000000]: Updating LinkState: reference_frame is empty/world/map, using inertial frame[0m
[0m[INFO] [1787137493.369661983, 699.198000000]: Updating LinkState: reference_frame is empty/world/map, using inertial frame[0m
[0m[INFO] [1787137493.370545485, 699.198000000]: Updating LinkState: reference_frame is empty/world/map, using inertial frame[0m
[0m[INFO] [1787137493.371342646, 699.198000000]: Updating LinkState: reference_frame is empty/world/map, using inertial frame[0m
[0m[INFO] [1787137493.372410508, 699.200000000]: Updating LinkState: reference_frame is empty/world/map, using inertial frame[0m
[0m[INFO] [1787137493.373141394, 699.200000000]: Updating LinkState: reference_frame is empty/world/map, using inertial frame[0m
[0m[INFO] [1787137493.374000994, 699.202000000]: Updating LinkState: reference_frame is empty/world/map, using inertial frame[0m
[0m[INFO] [1787137493.374853613, 699.202000000]: Updating LinkState: reference_frame is empty/world/map, using inertial frame[0m
[0m[INFO] [1787137493.375640832, 699.204000000]: Updating LinkState: reference_frame is empty/world/map, using inertial frame[0m
[0m[INFO] [1787137493.376291046, 699.204000000]: Updating LinkState: reference_frame is empty/world/map, using inertial frame[0m
[0m[INFO] [1787137493.377042814, 699.204000000]: Updating LinkState: reference_frame is empty/world/map, using inertial frame[0m
[0m[INFO] [1787137493.378015981, 699.206000000]: Updating LinkState: reference_frame is empty/world/map, using inertial frame[0m
[0m[INFO] [1787137493.378953058, 699.206000000]: Updating LinkState: reference_frame is empty/world/map, using inertial frame[0m
[0m[INFO] [1787137493.379786490, 699.208000000]: Updating LinkState: reference_frame is empty/world/map, using inertial frame[0m
[0m[INFO] [1787137493.380549595, 699.208000000]: Updating LinkState: reference_frame is empty/world/map, using inertial frame[0m
[0m[INFO] [1787137493.381323478, 699.208000000]: Updating LinkState: reference_frame is empty/world/map, using inertial frame[0m
[0m[INFO] [1787137493.382201251, 699.210000000]: Updating LinkState: reference_frame is empty/world/map, using inertial frame[0m
[0m[INFO] [1787137493.382949161, 699.210000000]: Updating LinkState: reference_frame is empty/world/map, using inertial frame[0m
[0m[INFO] [1787137493.383752473, 699.212000000]: Updating LinkState: reference_frame is empty/world/map, using inertial frame[0m
[0m[INFO] [1787137493.384588713, 699.212000000]: Updating LinkState: reference_frame is empty/world/map, using inertial frame[0m
[0m[INFO] [1787137493.385290873, 699.212000000]: Updating LinkState: reference_frame is empty/world/map, using inertial frame[0m
[0m[INFO] [1787137493.386119214, 699.214000000]: Updating LinkState: reference_frame is empty/world/map, using inertial frame[0m
[0m[INFO] [1787137493.386871501, 699.214000000]: Updating LinkState: reference_frame is empty/world/map, using inertial frame[0m
[0m[INFO] [1787137493.387738970, 699.216000000]: Updating LinkState: reference_frame is empty/world/map, using inertial frame[0m
[0m[INFO] [1787137493.388576495, 699.216000000]: Updating LinkState: reference_frame is empty/world/map, using inertial frame[0m
[0m[INFO] [1787137493.389397412, 699.218000000]: Updating LinkState: reference_frame is empty/world/map, using inertial frame[0m
[0m[INFO] [1787137493.390867829, 699.218000000]: Updating LinkState: reference_frame is empty/world/map, using inertial frame[0m
[0m[INFO] [1787137493.392323062, 699.220000000]: Updating LinkState: reference_frame is empty/world/map, using inertial frame[0m
[0m[INFO] [1787137493.393682708, 699.222000000]: Updating LinkState: reference_frame is empty/world/map, using inertial frame[0m
[0m[INFO] [1787137493.394793300, 699.222000000]: Updating LinkState: reference_frame is empty/world/map, using inertial frame[0m
[0m[INFO] [1787137493.395984178, 699.224000000]: Updating LinkState: reference_frame is empty/world/map, using inertial frame[0m
[0m[INFO] [1787137493.397147360, 699.224000000]: Updating LinkState: reference_frame is empty/world/map, using inertial frame[0m
[0m[INFO] [1787137493.398287661, 699.226000000]: Updating LinkState: reference_frame is empty/world/map, using inertial frame[0m
[0m[INFO] [1787137493.399437269, 699.228000000]: Updating LinkState: reference_frame is empty/world/map, using inertial frame[0m
[0m[INFO] [1787137493.401134327, 699.228000000]: Updating LinkState: reference_frame is empty/world/map, using inertial frame[0m
[0m[INFO] [1787137493.402698178, 699.230000000]: Updating LinkState: reference_frame is empty/world/map, using inertial frame[0m
[0m[INFO] [1787137493.407083329, 699.234000000]: Updating LinkState: reference_frame is empty/world/map, using inertial frame[0m
[0m[INFO] [1787137493.409722559, 699.236000000]: Updating LinkState: reference_frame is empty/world/map, using inertial frame[0m
[0m[INFO] [1787137493.411781846, 699.238000000]: Updating LinkState: reference_frame is empty/world/map, using inertial frame[0m
[0m[INFO] [1787137493.413649377, 699.240000000]: Updating LinkState: reference_frame is empty/world/map, using inertial frame[0m
[0m[INFO] [1787137493.415112008, 699.242000000]: Updating LinkState: reference_frame is empty/world/map, using inertial frame[0m
[0m[INFO] [1787137493.416775902, 699.242000000]: Updating LinkState: reference_frame is empty/world/map, using inertial frame[0m
[0m[INFO] [1787137493.417976107, 699.244000000]: Updating LinkState: reference_frame is empty/world/map, using inertial frame[0m
[0m[INFO] [1787137493.419398771, 699.246000000]: Updating LinkState: reference_frame is empty/world/map, using inertial frame[0m
[0m[INFO] [1787137493.420897282, 699.246000000]: Updating LinkState: reference_frame is empty/world/map, using inertial frame[0m
[0m[INFO] [1787137493.422100256, 699.248000000]: Updating LinkState: reference_frame is empty/world/map, using inertial frame[0m
[0m[INFO] [1787137493.423444544, 699.250000000]: Updating LinkState: reference_frame is empty/world/map, using inertial frame[0m
[0m[INFO] [1787137493.425094248, 699.252000000]: Updating LinkState: reference_frame is empty/world/map, using inertial frame[0m
[0m[INFO] [1787137493.427271749, 699.254000000]: Updating LinkState: reference_frame is empty/world/map, using inertial frame[0m
[0m[INFO] [1787137493.428744234, 699.254000000]: Updating LinkState: reference_frame is empty/world/map, using inertial frame[0m
[0m[INFO] [1787137493.429865749, 699.256000000]: Updating LinkState: reference_frame is empty/world/map, using inertial frame[0m
[0m[INFO] [1787137493.431168574, 699.258000000]: Updating LinkState: reference_frame is empty/world/map, using inertial frame[0m
[0m[INFO] [1787137493.433087643, 699.260000000]: Updating LinkState: reference_frame is empty/world/map, using inertial frame[0m
[0m[INFO] [1787137493.434850651, 699.260000000]: Updating LinkState: reference_frame is empty/world/map, using inertial frame[0m
[0m[INFO] [1787137493.436333877, 699.262000000]: Updating LinkState: reference_frame is empty/world/map, using inertial frame[0m
[0m[INFO] [1787137493.438034138, 699.264000000]: Updating LinkState: reference_frame is empty/world/map, using inertial frame[0m
[0m[INFO] [1787137493.440086831, 699.266000000]: Updating LinkState: reference_frame is empty/world/map, using inertial frame[0m
[0m[INFO] [1787137493.441809320, 699.268000000]: Updating LinkState: reference_frame is empty/world/map, using inertial frame[0m
[0m[INFO] [1787137493.442913891, 699.268000000]: Updating LinkState: reference_frame is empty/world/map, using inertial frame[0m
[0m[INFO] [1787137493.444145660, 699.270000000]: Updating LinkState: reference_frame is empty/world/map, using inertial frame[0m
[0m[INFO] [1787137493.445625605, 699.272000000]: Updating LinkState: reference_frame is empty/world/map, using inertial frame[0m
[0m[INFO] [1787137493.446996626, 699.272000000]: Updating LinkState: reference_frame is empty/world/map, using inertial frame[0m
[0m[INFO] [1787137493.448771653, 699.274000000]: Updating LinkState: reference_frame is empty/world/map, using inertial frame[0m
[0m[INFO] [1787137493.450240259, 699.276000000]: Updating LinkState: reference_frame is empty/world/map, using inertial frame[0m
[0m[INFO] [1787137493.451908782, 699.278000000]: Updating LinkState: reference_frame is empty/world/map, using inertial frame[0m
[0m[INFO] [1787137493.453434412, 699.280000000]: Updating LinkState: reference_frame is empty/world/map, using inertial frame[0m
[0m[INFO] [1787137493.454949591, 699.280000000]: Updating LinkState: reference_frame is empty/world/map, using inertial frame[0m
[0m[INFO] [1787137493.456630414, 699.282000000]: Updating LinkState: reference_frame is empty/world/map, using inertial frame[0m
[0m[INFO] [1787137493.458198469, 699.284000000]: Updating LinkState: reference_frame is empty/world/map, using inertial frame[0m
[0m[INFO] [1787137493.460062137, 699.286000000]: Updating LinkState: reference_frame is empty/world/map, using inertial frame[0m
[0m[INFO] [1787137493.462136546, 699.288000000]: Updating LinkState: reference_frame is empty/world/map, using inertial frame[0m
[0m[INFO] [1787137493.464017575, 699.290000000]: Updating LinkState: reference_frame is empty/world/map, using inertial frame[0m
[0m[INFO] [1787137493.465930905, 699.292000000]: Updating LinkState: reference_frame is empty/world/map, using inertial frame[0m
[0m[INFO] [1787137493.467751371, 699.294000000]: Updating LinkState: reference_frame is empty/world/map, using inertial frame[0m
[0m[INFO] [1787137493.469875960, 699.296000000]: Updating LinkState: reference_frame is empty/world/map, using inertial frame[0m
[0m[INFO] [1787137493.471831043, 699.298000000]: Updating LinkState: reference_frame is empty/world/map, using inertial frame[0m
[0m[INFO] [1787137493.473715565, 699.300000000]: Updating LinkState: reference_frame is empty/world/map, using inertial frame[0m
[0m[INFO] [1787137493.474925247, 699.300000000]: Updating LinkState: reference_frame is empty/world/map, using inertial frame[0m
[0m[INFO] [1787137493.476359998, 699.302000000]: Updating LinkState: reference_frame is empty/world/map, using inertial frame[0m
[0m[INFO] [1787137493.478038737, 699.304000000]: Updating LinkState: reference_frame is empty/world/map, using inertial frame[0m
[0m[INFO] [1787137493.478902457, 699.304000000]: Updating LinkState: reference_frame is empty/world/map, using inertial frame[0m
[0m[INFO] [1787137493.479897331, 699.306000000]: Updating LinkState: reference_frame is empty/world/map, using inertial frame[0m
[0m[INFO] [1787137493.480907830, 699.306000000]: Updating LinkState: reference_frame is empty/world/map, using inertial frame[0m
[0m[INFO] [1787137493.481807035, 699.308000000]: Updating LinkState: reference_frame is empty/world/map, using inertial frame[0m
[0m[INFO] [1787137493.482680958, 699.308000000]: Updating LinkState: reference_frame is empty/world/map, using inertial frame[0m
[0m[INFO] [1787137493.483521033, 699.310000000]: Updating LinkState: reference_frame is empty/world/map, using inertial frame[0m
[0m[INFO] [1787137493.484338908, 699.310000000]: Updating LinkState: reference_frame is empty/world/map, using inertial frame[0m
[0m[INFO] [1787137493.485009039, 699.310000000]: Updating LinkState: reference_frame is empty/world/map, using inertial frame[0m
[0m[INFO] [1787137493.485730941, 699.312000000]: Updating LinkState: reference_frame is empty/world/map, using inertial frame[0m
[0m[INFO] [1787137493.486572288, 699.312000000]: Updating LinkState: reference_frame is empty/world/map, using inertial frame[0m
[0m[INFO] [1787137493.487594133, 699.314000000]: Updating LinkState: reference_frame is empty/world/map, using inertial frame[0m
[0m[INFO] [1787137493.488375968, 699.314000000]: Updating LinkState: reference_frame is empty/world/map, using inertial frame[0m
[0m[INFO] [1787137493.489146474, 699.316000000]: Updating LinkState: reference_frame is empty/world/map, using inertial frame[0m
[0m[INFO] [1787137493.490473953, 699.316000000]: Updating LinkState: reference_frame is empty/world/map, using inertial frame[0m
[0m[INFO] [1787137493.491419973, 699.318000000]: Updating LinkState: reference_frame is empty/world/map, using inertial frame[0m
[0m[INFO] [1787137493.492390623, 699.318000000]: Updating LinkState: reference_frame is empty/world/map, using inertial frame[0m
[0m[INFO] [1787137493.493166614, 699.320000000]: Updating LinkState: reference_frame is empty/world/map, using inertial frame[0m
[0m[INFO] [1787137493.494329623, 699.320000000]: Updating LinkState: reference_frame is empty/world/map, using inertial frame[0m
[0m[INFO] [1787137493.495004120, 699.320000000]: Updating LinkState: reference_frame is empty/world/map, using inertial frame[0m
[0m[INFO] [1787137493.495823701, 699.322000000]: Updating LinkState: reference_frame is empty/world/map, using inertial frame[0m
[0m[INFO] [1787137493.496561868, 699.322000000]: Updating LinkState: reference_frame is empty/world/map, using inertial frame[0m
[0m[INFO] [1787137493.497434541, 699.324000000]: Updating LinkState: reference_frame is empty/world/map, using inertial frame[0m
[0m[INFO] [1787137493.498297295, 699.324000000]: Updating LinkState: reference_frame is empty/world/map, using inertial frame[0m
[0m[INFO] [1787137493.499062982, 699.324000000]: Updating LinkState: reference_frame is empty/world/map, using inertial frame[0m
[0m[INFO] [1787137493.499810891, 699.326000000]: Updating LinkState: reference_frame is empty/world/map, using inertial frame[0m
[0m[INFO] [1787137493.500523520, 699.326000000]: Updating LinkState: reference_frame is empty/world/map, using inertial frame[0m
[0m[INFO] [1787137493.501308419, 699.328000000]: Updating LinkState: reference_frame is empty/world/map, using inertial frame[0m
[0m[INFO] [1787137493.502106654, 699.328000000]: Updating LinkState: reference_frame is empty/world/map, using inertial frame[0m
[0m[INFO] [1787137493.503028039, 699.328000000]: Updating LinkState: reference_frame is empty/world/map, using inertial frame[0m
[0m[INFO] [1787137493.503868153, 699.330000000]: Updating LinkState: reference_frame is empty/world/map, using inertial frame[0m
[0m[INFO] [1787137493.504572560, 699.330000000]: Updating LinkState: reference_frame is empty/world/map, using inertial frame[0m
[0m[INFO] [1787137493.505442545, 699.332000000]: Updating LinkState: reference_frame is empty/world/map, using inertial frame[0m
[0m[INFO] [1787137493.506335151, 699.332000000]: Updating LinkState: reference_frame is empty/world/map, using inertial frame[0m
[0m[INFO] [1787137493.507331986, 699.334000000]: Updating LinkState: reference_frame is empty/world/map, using inertial frame[0m
[0m[INFO] [1787137493.508205443, 699.334000000]: Updating LinkState: reference_frame is empty/world/map, using inertial frame[0m
[0m[INFO] [1787137493.509082609, 699.334000000]: Updating LinkState: reference_frame is empty/world/map, using inertial frame[0m
[0m[INFO] [1787137493.510152663, 699.336000000]: Updating LinkState: reference_frame is empty/world/map, using inertial frame[0m
[0m[INFO] [1787137493.510868439, 699.336000000]: Updating LinkState: reference_frame is empty/world/map, using inertial frame[0m
[0m[INFO] [1787137493.511625898, 699.338000000]: Updating LinkState: reference_frame is empty/world/map, using inertial frame[0m
[0m[INFO] [1787137493.512459518, 699.338000000]: Updating LinkState: reference_frame is empty/world/map, using inertial frame[0m
[0m[INFO] [1787137493.513345533, 699.340000000]: Updating LinkState: reference_frame is empty/world/map, using inertial frame[0m
[0m[INFO] [1787137493.514156056, 699.340000000]: Updating LinkState: reference_frame is empty/world/map, using inertial frame[0m
[0m[INFO] [1787137493.514924036, 699.340000000]: Updating LinkState: reference_frame is empty/world/map, using inertial frame[0m
[0m[INFO] [1787137493.515849340, 699.342000000]: Updating LinkState: reference_frame is empty/world/map, using inertial frame[0m
[0m[INFO] [1787137493.516616568, 699.342000000]: Updating LinkState: reference_frame is empty/world/map, using inertial frame[0m
[0m[INFO] [1787137493.517370806, 699.344000000]: Updating LinkState: reference_frame is empty/world/map, using inertial frame[0m
[0m[INFO] [1787137493.518239719, 699.344000000]: Updating LinkState: reference_frame is empty/world/map, using inertial frame[0m
[0m[INFO] [1787137493.518988691, 699.344000000]: Updating LinkState: reference_frame is empty/world/map, using inertial frame[0m
[0m[INFO] [1787137493.519753872, 699.346000000]: Updating LinkState: reference_frame is empty/world/map, using inertial frame[0m
[0m[INFO] [1787137493.520544741, 699.346000000]: Updating LinkState: reference_frame is empty/world/map, using inertial frame[0m
[0m[INFO] [1787137493.521537915, 699.348000000]: Updating LinkState: reference_frame is empty/world/map, using inertial frame[0m
[0m[INFO] [1787137493.522282583, 699.348000000]: Updating LinkState: reference_frame is empty/world/map, using inertial frame[0m
[0m[INFO] [1787137493.523081489, 699.348000000]: Updating LinkState: reference_frame is empty/world/map, using inertial frame[0m
[0m[INFO] [1787137493.523838559, 699.350000000]: Updating LinkState: reference_frame is empty/world/map, using inertial frame[0m
[0m[INFO] [1787137493.524529508, 699.350000000]: Updating LinkState: reference_frame is empty/world/map, using inertial frame[0m
[0m[INFO] [1787137493.525352710, 699.352000000]: Updating LinkState: reference_frame is empty/world/map, using inertial frame[0m
[0m[INFO] [1787137493.526143527, 699.352000000]: Updating LinkState: reference_frame is empty/world/map, using inertial frame[0m
[0m[INFO] [1787137493.526994646, 699.352000000]: Updating LinkState: reference_frame is empty/world/map, using inertial frame[0m
[0m[INFO] [1787137493.527693263, 699.354000000]: Updating LinkState: reference_frame is empty/world/map, using inertial frame[0m
[0m[INFO] [1787137493.528488869, 699.354000000]: Updating LinkState: reference_frame is empty/world/map, using inertial frame[0m
[0m[INFO] [1787137493.529498886, 699.356000000]: Updating LinkState: reference_frame is empty/world/map, using inertial frame[0m
[0m[INFO] [1787137493.530287718, 699.356000000]: Updating LinkState: reference_frame is empty/world/map, using inertial frame[0m
[0m[INFO] [1787137493.531155556, 699.358000000]: Updating LinkState: reference_frame is empty/world/map, using inertial frame[0m
[0m[INFO] [1787137493.532434452, 699.358000000]: Updating LinkState: reference_frame is empty/world/map, using inertial frame[0m
[0m[INFO] [1787137493.533158901, 699.360000000]: Updating LinkState: reference_frame is empty/world/map, using inertial frame[0m
[0m[INFO] [1787137493.534367436, 699.360000000]: Updating LinkState: reference_frame is empty/world/map, using inertial frame[0m
[0m[INFO] [1787137493.535142938, 699.362000000]: Updating LinkState: reference_frame is empty/world/map, using inertial frame[0m
[0m[INFO] [1787137493.536362134, 699.362000000]: Updating LinkState: reference_frame is empty/world/map, using inertial frame[0m
[0m[INFO] [1787137493.537122599, 699.364000000]: Updating LinkState: reference_frame is empty/world/map, using inertial frame[0m
[0m[INFO] [1787137493.538223451, 699.364000000]: Updating LinkState: reference_frame is empty/world/map, using inertial frame[0m
[0m[INFO] [1787137493.538946903, 699.364000000]: Updating LinkState: reference_frame is empty/world/map, using inertial frame[0m
[0m[INFO] [1787137493.539803784, 699.366000000]: Updating LinkState: reference_frame is empty/world/map, using inertial frame[0m
[0m[INFO] [1787137493.540466345, 699.366000000]: Updating LinkState: reference_frame is empty/world/map, using inertial frame[0m
[0m[INFO] [1787137493.541187618, 699.368000000]: Updating LinkState: reference_frame is empty/world/map, using inertial frame[0m
[0m[INFO] [1787137493.542294166, 699.368000000]: Updating LinkState: reference_frame is empty/world/map, using inertial frame[0m
[0m[INFO] [1787137493.543081049, 699.368000000]: Updating LinkState: reference_frame is empty/world/map, using inertial frame[0m
[0m[INFO] [1787137493.543802161, 699.370000000]: Updating LinkState: reference_frame is empty/world/map, using inertial frame[0m
[0m[INFO] [1787137493.544449761, 699.370000000]: Updating LinkState: reference_frame is empty/world/map, using inertial frame[0m
[0m[INFO] [1787137493.545143984, 699.372000000]: Updating LinkState: reference_frame is empty/world/map, using inertial frame[0m
[0m[INFO] [1787137493.546383090, 699.372000000]: Updating LinkState: reference_frame is empty/world/map, using inertial frame[0m
[0m[INFO] [1787137493.547115967, 699.372000000]: Updating LinkState: reference_frame is empty/world/map, using inertial frame[0m
[0m[INFO] [1787137493.548270733, 699.374000000]: Updating LinkState: reference_frame is empty/world/map, using inertial frame[0m
[0m[INFO] [1787137493.548895776, 699.374000000]: Updating LinkState: reference_frame is empty/world/map, using inertial frame[0m
[0m[INFO] [1787137493.549749424, 699.376000000]: Updating LinkState: reference_frame is empty/world/map, using inertial frame[0m
[0m[INFO] [1787137493.550515507, 699.376000000]: Updating LinkState: reference_frame is empty/world/map, using inertial frame[0m
[0m[INFO] [1787137493.551220908, 699.378000000]: Updating LinkState: reference_frame is empty/world/map, using inertial frame[0m
[0m[INFO] [1787137493.552331336, 699.378000000]: Updating LinkState: reference_frame is empty/world/map, using inertial frame[0m
[0m[INFO] [1787137493.553008293, 699.378000000]: Updating LinkState: reference_frame is empty/world/map, using inertial frame[0m
[0m[INFO] [1787137493.553758941, 699.380000000]: Updating LinkState: reference_frame is empty/world/map, using inertial frame[0m
[0m[INFO] [1787137493.554529495, 699.380000000]: Updating LinkState: reference_frame is empty/world/map, using inertial frame[0m
[0m[INFO] [1787137493.555181820, 699.382000000]: Updating LinkState: reference_frame is empty/world/map, using inertial frame[0m
[0m[INFO] [1787137493.556213782, 699.382000000]: Updating LinkState: reference_frame is empty/world/map, using inertial frame[0m
[0m[INFO] [1787137493.556980264, 699.382000000]: Updating LinkState: reference_frame is empty/world/map, using inertial frame[0m
[0m[INFO] [1787137493.557727470, 699.384000000]: Updating LinkState: reference_frame is empty/world/map, using inertial frame[0m
[0m[INFO] [1787137493.558485922, 699.384000000]: Updating LinkState: reference_frame is empty/world/map, using inertial frame[0m
[0m[INFO] [1787137493.559211483, 699.386000000]: Updating LinkState: reference_frame is empty/world/map, using inertial frame[0m
[0m[INFO] [1787137493.560219129, 699.386000000]: Updating LinkState: reference_frame is empty/world/map, using inertial frame[0m
[0m[INFO] [1787137493.560857359, 699.386000000]: Updating LinkState: reference_frame is empty/world/map, using inertial frame[0m
[0m[INFO] [1787137493.561529231, 699.388000000]: Updating LinkState: reference_frame is empty/world/map, using inertial frame[0m
[0m[INFO] [1787137493.562329600, 699.388000000]: Updating LinkState: reference_frame is empty/world/map, using inertial frame[0m
[0m[INFO] [1787137493.563092371, 699.388000000]: Updating LinkState: reference_frame is empty/world/map, using inertial frame[0m
[0m[INFO] [1787137493.563840438, 699.390000000]: Updating LinkState: reference_frame is empty/world/map, using inertial frame[0m
[0m[INFO] [1787137493.564693179, 699.390000000]: Updating LinkState: reference_frame is empty/world/map, using inertial frame[0m
[0m[INFO] [1787137493.565483647, 699.392000000]: Updating LinkState: reference_frame is empty/world/map, using inertial frame[0m
[0m[INFO] [1787137493.566264808, 699.392000000]: Updating LinkState: reference_frame is empty/world/map, using inertial frame[0m
[0m[INFO] [1787137493.567091174, 699.392000000]: Updating LinkState: reference_frame is empty/world/map, using inertial frame[0m
[0m[INFO] [1787137493.567950834, 699.394000000]: Updating LinkState: reference_frame is empty/world/map, using inertial frame[0m
[0m[INFO] [1787137493.568724067, 699.394000000]: Updating LinkState: reference_frame is empty/world/map, using inertial frame[0m
[0m[INFO] [1787137493.569486858, 699.396000000]: Updating LinkState: reference_frame is empty/world/map, using inertial frame[0m
[0m[INFO] [1787137493.570336617, 699.396000000]: Updating LinkState: reference_frame is empty/world/map, using inertial frame[0m
[0m[INFO] [1787137493.571222009, 699.398000000]: Updating LinkState: reference_frame is empty/world/map, using inertial frame[0m
[0m[INFO] [1787137493.572372255, 699.398000000]: Updating LinkState: reference_frame is empty/world/map, using inertial frame[0m
[0m[INFO] [1787137493.573195652, 699.400000000]: Updating LinkState: reference_frame is empty/world/map, using inertial frame[0m
[0m[INFO] [1787137493.574471295, 699.400000000]: Updating LinkState: reference_frame is empty/world/map, using inertial frame[0m
[0m[INFO] [1787137493.575369115, 699.402000000]: Updating LinkState: reference_frame is empty/world/map, using inertial frame[0m
[0m[INFO] [1787137493.576278573, 699.402000000]: Updating LinkState: reference_frame is empty/world/map, using inertial frame[0m
[0m[INFO] [1787137493.576984002, 699.402000000]: Updating LinkState: reference_frame is empty/world/map, using inertial frame[0m
[0m[INFO] [1787137493.577717801, 699.404000000]: Updating LinkState: reference_frame is empty/world/map, using inertial frame[0m
[0m[INFO] [1787137493.578511226, 699.404000000]: Updating LinkState: reference_frame is empty/world/map, using inertial frame[0m
[0m[INFO] [1787137493.579232569, 699.406000000]: Updating LinkState: reference_frame is empty/world/map, using inertial frame[0m
[0m[INFO] [1787137493.580207654, 699.406000000]: Updating LinkState: reference_frame is empty/world/map, using inertial frame[0m
[0m[INFO] [1787137493.580901701, 699.406000000]: Updating LinkState: reference_frame is empty/world/map, using inertial frame[0m
[0m[INFO] [1787137493.581691373, 699.408000000]: Updating LinkState: reference_frame is empty/world/map, using inertial frame[0m
[0m[INFO] [1787137493.582553284, 699.408000000]: Updating LinkState: reference_frame is empty/world/map, using inertial frame[0m
[0m[INFO] [1787137493.583400794, 699.410000000]: Updating LinkState: reference_frame is empty/world/map, using inertial frame[0m
[0m[INFO] [1787137493.584443305, 699.410000000]: Updating LinkState: reference_frame is empty/world/map, using inertial frame[0m
[0m[INFO] [1787137493.585307349, 699.412000000]: Updating LinkState: reference_frame is empty/world/map, using inertial frame[0m
[0m[INFO] [1787137493.586243392, 699.412000000]: Updating LinkState: reference_frame is empty/world/map, using inertial frame[0m
[0m[INFO] [1787137493.587072510, 699.412000000]: Updating LinkState: reference_frame is empty/world/map, using inertial frame[0m
[0m[INFO] [1787137493.587982292, 699.414000000]: Updating LinkState: reference_frame is empty/world/map, using inertial frame[0m
[0m[INFO] [1787137493.588675192, 699.414000000]: Updating LinkState: reference_frame is empty/world/map, using inertial frame[0m
[0m[INFO] [1787137493.589512851, 699.416000000]: Updating LinkState: reference_frame is empty/world/map, using inertial frame[0m
[0m[INFO] [1787137493.590441818, 699.416000000]: Updating LinkState: reference_frame is empty/world/map, using inertial frame[0m
[0m[INFO] [1787137493.591343077, 699.418000000]: Updating LinkState: reference_frame is empty/world/map, using inertial frame[0m
[0m[INFO] [1787137493.592257482, 699.418000000]: Updating LinkState: reference_frame is empty/world/map, using inertial frame[0m
[0m[INFO] [1787137493.592986266, 699.418000000]: Updating LinkState: reference_frame is empty/world/map, using inertial frame[0m
[0m[INFO] [1787137493.593643083, 699.420000000]: Updating LinkState: reference_frame is empty/world/map, using inertial frame[0m
[0m[INFO] [1787137493.594395899, 699.420000000]: Updating LinkState: reference_frame is empty/world/map, using inertial frame[0m
[0m[INFO] [1787137493.595129733, 699.420000000]: Updating LinkState: reference_frame is empty/world/map, using inertial frame[0m
[0m[INFO] [1787137493.595962645, 699.422000000]: Updating LinkState: reference_frame is empty/world/map, using inertial frame[0m
[0m[INFO] [1787137493.596663217, 699.422000000]: Updating LinkState: reference_frame is empty/world/map, using inertial frame[0m
[0m[INFO] [1787137493.597391869, 699.424000000]: Updating LinkState: reference_frame is empty/world/map, using inertial frame[0m
[0m[INFO] [1787137493.598241446, 699.424000000]: Updating LinkState: reference_frame is empty/world/map, using inertial frame[0m
[0m[INFO] [1787137493.599064722, 699.424000000]: Updating LinkState: reference_frame is empty/world/map, using inertial frame[0m
[0m[INFO] [1787137493.599829225, 699.426000000]: Updating LinkState: reference_frame is empty/world/map, using inertial frame[0m
[0m[INFO] [1787137493.600581642, 699.426000000]: Updating LinkState: reference_frame is empty/world/map, using inertial frame[0m
[0m[INFO] [1787137493.601431413, 699.428000000]: Updating LinkState: reference_frame is empty/world/map, using inertial frame[0m
[0m[INFO] [1787137493.602288447, 699.428000000]: Updating LinkState: reference_frame is empty/world/map, using inertial frame[0m
[0m[INFO] [1787137493.603155773, 699.428000000]: Updating LinkState: reference_frame is empty/world/map, using inertial frame[0m
[0m[INFO] [1787137493.604284670, 699.430000000]: Updating LinkState: reference_frame is empty/world/map, using inertial frame[0m
[0m[INFO] [1787137493.605082668, 699.430000000]: Updating LinkState: reference_frame is empty/world/map, using inertial frame[0m
[0m[INFO] [1787137493.606107630, 699.432000000]: Updating LinkState: reference_frame is empty/world/map, using inertial frame[0m
[0m[INFO] [1787137493.607063784, 699.432000000]: Updating LinkState: reference_frame is empty/world/map, using inertial frame[0m
[0m[INFO] [1787137493.607920576, 699.434000000]: Updating LinkState: reference_frame is empty/world/map, using inertial frame[0m
[0m[INFO] [1787137493.608746090, 699.434000000]: Updating LinkState: reference_frame is empty/world/map, using inertial frame[0m
[0m[INFO] [1787137493.609541900, 699.436000000]: Updating LinkState: reference_frame is empty/world/map, using inertial frame[0m
[0m[INFO] [1787137493.610378166, 699.436000000]: Updating LinkState: reference_frame is empty/world/map, using inertial frame[0m
[0m[INFO] [1787137493.611121287, 699.436000000]: Updating LinkState: reference_frame is empty/world/map, using inertial frame[0m
[0m[INFO] [1787137493.611796182, 699.438000000]: Updating LinkState: reference_frame is empty/world/map, using inertial frame[0m
[0m[INFO] [1787137493.612671882, 699.438000000]: Updating LinkState: reference_frame is empty/world/map, using inertial frame[0m
[0m[INFO] [1787137493.613504700, 699.440000000]: Updating LinkState: reference_frame is empty/world/map, using inertial frame[0m
[0m[INFO] [1787137493.614255097, 699.440000000]: Updating LinkState: reference_frame is empty/world/map, using inertial frame[0m
[0m[INFO] [1787137493.615015299, 699.440000000]: Updating LinkState: reference_frame is empty/world/map, using inertial frame[0m
[0m[INFO] [1787137493.615954419, 699.442000000]: Updating LinkState: reference_frame is empty/world/map, using inertial frame[0m
[0m[INFO] [1787137493.616717573, 699.442000000]: Updating LinkState: reference_frame is empty/world/map, using inertial frame[0m
[0m[INFO] [1787137493.617571776, 699.444000000]: Updating LinkState: reference_frame is empty/world/map, using inertial frame[0m
[0m[INFO] [1787137493.618441065, 699.444000000]: Updating LinkState: reference_frame is empty/world/map, using inertial frame[0m
[0m[INFO] [1787137493.619350951, 699.446000000]: Updating LinkState: reference_frame is empty/world/map, using inertial frame[0m
[0m[INFO] [1787137493.620260623, 699.446000000]: Updating LinkState: reference_frame is empty/world/map, using inertial frame[0m
[0m[INFO] [1787137493.621026796, 699.446000000]: Updating LinkState: reference_frame is empty/world/map, using inertial frame[0m
[0m[INFO] [1787137493.621918679, 699.448000000]: Updating LinkState: reference_frame is empty/world/map, using inertial frame[0m
[0m[INFO] [1787137493.622951318, 699.448000000]: Updating LinkState: reference_frame is empty/world/map, using inertial frame[0m
[0m[INFO] [1787137493.624037473, 699.450000000]: Updating LinkState: reference_frame is empty/world/map, using inertial frame[0m
[0m[INFO] [1787137493.624923053, 699.450000000]: Updating LinkState: reference_frame is empty/world/map, using inertial frame[0m
[0m[INFO] [1787137493.625735754, 699.452000000]: Updating LinkState: reference_frame is empty/world/map, using inertial frame[0m
[0m[INFO] [1787137493.626564007, 699.452000000]: Updating LinkState: reference_frame is empty/world/map, using inertial frame[0m
[0m[INFO] [1787137493.627522029, 699.454000000]: Updating LinkState: reference_frame is empty/world/map, using inertial frame[0m
[0m[INFO] [1787137493.628292752, 699.454000000]: Updating LinkState: reference_frame is empty/world/map, using inertial frame[0m
[0m[INFO] [1787137493.628990000, 699.454000000]: Updating LinkState: reference_frame is empty/world/map, using inertial frame[0m
[0m[INFO] [1787137493.629832685, 699.456000000]: Updating LinkState: reference_frame is empty/world/map, using inertial frame[0m
[0m[INFO] [1787137493.630630608, 699.456000000]: Updating LinkState: reference_frame is empty/world/map, using inertial frame[0m
[0m[INFO] [1787137493.631539415, 699.458000000]: Updating LinkState: reference_frame is empty/world/map, using inertial frame[0m
[0m[INFO] [1787137493.632637072, 699.458000000]: Updating LinkState: reference_frame is empty/world/map, using inertial frame[0m
[0m[INFO] [1787137493.633491744, 699.460000000]: Updating LinkState: reference_frame is empty/world/map, using inertial frame[0m
[0m[INFO] [1787137493.634191243, 699.460000000]: Updating LinkState: reference_frame is empty/world/map, using inertial frame[0m
[0m[INFO] [1787137493.635016248, 699.460000000]: Updating LinkState: reference_frame is empty/world/map, using inertial frame[0m
[0m[INFO] [1787137493.635941947, 699.462000000]: Updating LinkState: reference_frame is empty/world/map, using inertial frame[0m
[0m[INFO] [1787137493.636936633, 699.462000000]: Updating LinkState: reference_frame is empty/world/map, using inertial frame[0m
[0m[INFO] [1787137493.637872653, 699.464000000]: Updating LinkState: reference_frame is empty/world/map, using inertial frame[0m
[0m[INFO] [1787137493.638812160, 699.464000000]: Updating LinkState: reference_frame is empty/world/map, using inertial frame[0m
[0m[INFO] [1787137493.639691886, 699.466000000]: Updating LinkState: reference_frame is empty/world/map, using inertial frame[0m
[0m[INFO] [1787137493.640504421, 699.466000000]: Updating LinkState: reference_frame is empty/world/map, using inertial frame[0m
[0m[INFO] [17871374